class1	class2	scaledPatristicDistance
1	0	0.0325205
2	0	0.0325205
2	1	0.0325205
3	0	0.0325205
3	1	0.0325205
3	2	0.0325205
4	0	0.0325205
4	1	0.0325205
4	2	0.0325205
4	3	0.0325205
5	0	0.0325205
5	1	0.0325205
5	2	0.0325205
5	3	0.0325205
5	4	0.0325205
6	0	0.0325205
6	1	0.0325205
6	2	0.0325205
6	3	0.0325205
6	4	0.0325205
6	5	0.0325205
7	0	0.0325205
7	1	0.0325205
7	2	0.0325205
7	3	0.0325205
7	4	0.0325205
7	5	0.0325205
7	6	0.0325205
8	0	0.0325205
8	1	0.0325205
8	2	0.0325205
8	3	0.0325205
8	4	0.0325205
8	5	0.0325205
8	6	0.0325205
8	7	0.0325205
9	0	0.0325205
9	1	0.0267365
9	2	0.0267365
9	3	0.0269282
9	4	0.0259562
9	5	0.0259562
9	6	0.0265182
9	7	0.0265025
9	8	0.0256653
10	0	0.0253095
10	1	0.0252938
10	2	0.0254241
10	3	0.0271936
10	4	0.0272909
10	5	0.027472
10	6	0.0274878
10	7	0.0277506
10	8	0.0277506
10	9	0.0286803
11	0	0.0278566
11	1	0.0266055
11	2	0.0266213
11	3	0.0274397
11	4	0.0274239
11	5	0.0271128
11	6	0.0271286
11	7	0.0279839
11	8	0.026384
11	9	0.0263683
11	10	0.0267853
12	0	0.0267853
12	1	0.0271763
12	2	0.027029
12	3	0.0270132
12	4	0.0273908
12	5	0.0260452
12	6	0.0260295
12	7	0.0267601
12	8	0.0270553
12	9	0.0270553
12	10	0.0276889
12	11	0.0282877
13	0	0.0284657
13	1	0.0278931
13	2	0.0266478
13	3	0.0261892
13	4	0.0261892
13	5	0.028525
13	6	0.0273255
13	7	0.0273412
13	8	0.0291218
13	9	0.0287449
13	10	0.0271522
13	11	0.0271522
13	12	0.0274066
14	0	0.028543
14	1	0.0288934
14	2	0.0285667
14	3	0.0285667
14	4	0.0284296
14	5	0.0284453
14	6	0.0294437
14	7	0.0262535
14	8	0.0262535
14	9	0.0274555
14	10	0.0276666
14	11	0.0270876
14	12	0.0277981
14	13	0.0280312
15	0	0.0291468
15	1	0.0272416
15	2	0.0272574
15	3	0.0294895
15	4	0.0293602
15	5	0.0277047
15	6	0.0277204
15	7	0.0289537
15	8	0.0286307
15	9	0.028499
15	10	0.0288745
15	11	0.0272093
15	12	0.0272251
15	13	0.0280635
15	14	0.0280477
16	0	0.0282179
16	1	0.0282179
16	2	0.0286138
16	3	0.0295352
16	4	0.0255062
16	5	0.0255062
16	6	0.0258391
16	7	0.0257691
16	8	0.0257533
16	9	0.0281758
16	10	0.0280792
16	11	0.0276316
16	12	0.0265679
16	13	0.0265836
16	14	0.0261175
16	15	0.0261018
17	0	0.0283454
17	1	0.0279346
17	2	0.0259264
17	3	0.0259106
17	4	0.0278408
17	5	0.0283855
17	6	0.0283855
17	7	0.0250911
17	8	0.0251069
17	9	0.0264006
17	10	0.0264479
17	11	0.0264321
17	12	0.0264163
17	13	0.0269478
17	14	0.0275743
17	15	0.0275208
17	16	0.0275051
18	0	0.0281923
18	1	0.0282696
18	2	0.029168
18	3	0.0292541
18	4	0.0258556
18	5	0.0256983
18	6	0.0268632
18	7	0.0253741
18	8	0.0253584
18	9	0.0253899
18	10	0.0255618
18	11	0.0260794
18	12	0.0260637
18	13	0.026316
18	14	0.0264636
18	15	0.0275577
18	16	0.0279996
18	17	0.0280154
19	0	0.0293295
19	1	0.025073
19	2	0.0250092
19	3	0.0247715
19	4	0.0247557
19	5	0.0251234
19	6	0.0251888
19	7	0.024873
19	8	0.0248888
19	9	0.0250257
19	10	0.0250415
19	11	0.0251392
19	12	0.0249934
19	13	0.0249776
19	14	0.0252768
19	15	0.0254618
19	16	0.0255958
19	17	0.0256457
19	18	0.0253411
20	0	0.0253253
20	1	0.0262787
20	2	0.0251715
20	3	0.0251557
20	4	0.0252399
20	5	0.0254807
20	6	0.0264867
20	7	0.0256133
20	8	0.0256291
20	9	0.0260137
20	10	0.0248504
20	11	0.0248346
20	12	0.0248188
20	13	0.0247396
20	14	0.0247081
20	15	0.0246923
20	16	0.0247238
20	17	0.0248023
20	18	0.0246429
20	19	0.0246429
21	0	0.0249603
21	1	0.0250573
21	2	0.0255776
21	3	0.0252045
21	4	0.0252572
21	5	0.0254461
21	6	0.0262129
21	7	0.0262287
21	8	0.0262971
21	9	0.0249344
21	10	0.0249344
21	11	0.0257322
21	12	0.0257164
21	13	0.0272747
21	14	0.0273605
21	15	0.0258206
21	16	0.0258049
21	17	0.02599
21	18	0.02599
21	19	0.0265442
21	20	0.026879
22	0	0.0287918
22	1	0.0287761
22	2	0.0277743
22	3	0.0269722
22	4	0.0269722
22	5	0.0281392
22	6	0.028155
22	7	0.0282473
22	8	0.0288334
22	9	0.0288176
22	10	0.0278189
22	11	0.0263475
22	12	0.0263317
22	13	0.027542
22	14	0.025546
22	15	0.0255303
22	16	0.0261648
22	17	0.025887
22	18	0.025887
22	19	0.0292033
22	20	0.0289857
22	21	0.0289699
23	0	0.028095
23	1	0.0281108
23	2	0.0290045
23	3	0.029271
23	4	0.029227
23	5	0.029227
23	6	0.0286488
23	7	0.0286646
23	8	0.0298137
23	9	0.0268271
23	10	0.0268113
23	11	0.0268428
23	12	0.0266798
23	13	0.026664
23	14	0.026909
23	15	0.0279508
23	16	0.0279665
23	17	0.0267034
23	18	0.0267034
23	19	0.0278727
23	20	0.0284092
23	21	0.0289307
23	22	0.0283034
24	0	0.0287226
24	1	0.0287069
24	2	0.0294152
24	3	0.0290791
24	4	0.0290949
24	5	0.0294752
24	6	0.0290435
24	7	0.0290435
24	8	0.0302605
24	9	0.0275979
24	10	0.0275979
24	11	0.0297317
24	12	0.0379039
24	13	0.0410311
24	14	0.0410311
24	15	0.0533559
24	16	0.0533559
24	17	0.0533559
24	18	0.0533559
24	19	0.0533559
24	20	0.0533559
24	21	0.0456671
24	22	0.0456671
24	23	0.0470579
25	0	0.0458863
25	1	0.0458863
25	2	0.0784747
25	3	0.0784747
25	4	0.0784747
25	5	0.0784747
25	6	0.0784747
25	7	0.0764751
25	8	0.0737781
25	9	0.0735819
25	10	0.0730999
25	11	0.0730999
25	12	0.0735008
25	13	0.0733012
25	14	0.0732854
25	15	0.0735339
25	16	0.0735496
25	17	0.0731822
25	18	0.073247
25	19	0.0733483
25	20	0.0733483
25	21	0.0734427
25	22	0.073427
25	23	0.0743145
25	24	0.0741907
26	0	0.0742065
26	1	0.0753223
26	2	0.0753223
26	3	0.0749389
26	4	0.0749389
26	5	0.0762824
26	6	0.0740944
26	7	0.0740944
26	8	0.0742461
26	9	0.0742303
26	10	0.0744549
26	11	0.074513
26	12	0.0746853
26	13	0.0740315
26	14	0.0740473
26	15	0.0743713
26	16	0.0743713
26	17	0.0751441
26	18	0.0767066
26	19	0.0758003
26	20	0.0758003
26	21	0.0784195
26	22	0.077136
26	23	0.0759526
26	24	0.0759526
26	25	0.0760286
27	0	0.0748704
27	1	0.0748704
27	2	0.077136
27	3	0.0772931
27	4	0.0772773
27	5	0.0763884
27	6	0.0763884
27	7	0.0764335
27	8	0.0781907
27	9	0.0787041
27	10	0.0762322
27	11	0.1731268
27	12	0.1526273
27	13	0.1526273
27	14	0.1526273
27	15	0.1526273
27	16	0.1526273
27	17	0.1526273
27	18	0.1526273
27	19	0.1526273
27	20	0.1526273
27	21	0.1526273
27	22	0.1526273
27	23	0.1526273
27	24	0.137791
27	25	0.1288728
27	26	0.127318
28	0	0.1273337
28	1	0.1280456
28	2	0.1270268
28	3	0.1270426
28	4	0.1270599
28	5	0.1270757
28	6	0.1276943
28	7	0.1276943
28	8	0.1285098
28	9	0.1286594
28	10	0.1299734
28	11	0.1326166
28	12	0.1326324
28	13	0.1323899
28	14	0.1323899
28	15	0.135674
28	16	0.1372792
28	17	0.1383975
28	18	0.1323522
28	19	0.1323522
28	20	0.1352659
28	21	0.1369684
28	22	0.1295902
28	23	0.1295902
28	24	0.1395134
28	25	0.1291518
28	26	0.1291518
28	27	0.1358209
29	0	0.1449691
29	1	0.148431
29	2	0.1488395
29	3	0.1536251
29	4	0.1536251
29	5	0.1536251
29	6	0.1536251
29	7	0.1536251
29	8	0.1410891
29	9	0.1330012
29	10	0.1304688
29	11	0.1304845
29	12	0.133085
29	13	0.1305203
29	14	0.1290632
29	15	0.1290474
29	16	0.1363489
29	17	0.1363331
29	18	0.139272
29	19	0.1385183
29	20	0.138534
29	21	0.1515622
29	22	0.1515907
29	23	0.1373355
29	24	0.1373355
29	25	0.1430707
29	26	0.1430707
29	27	0.1531794
29	28	0.1531794
30	0	0.1367873
30	1	0.1368031
30	2	0.1367519
30	3	0.1367677
30	4	0.1507162
30	5	0.1507319
30	6	0.1289476
30	7	0.1289476
30	8	0.1281429
30	9	0.1281586
30	10	0.1282771
30	11	0.1293424
30	12	0.1358732
30	13	0.1331912
30	14	0.1331754
30	15	0.1282002
30	16	0.1282159
30	17	0.1531794
30	18	0.1512353
30	19	0.1512511
30	20	0.1353206
30	21	0.1334494
30	22	0.1334494
30	23	0.1353363
30	24	0.1397747
30	25	0.1585024
30	26	0.1289918
30	27	0.129017
30	28	0.1299923
30	29	0.1320921
31	0	0.1320763
31	1	0.1336894
31	2	0.1336894
31	3	0.1328654
31	4	0.1316319
31	5	0.1316319
31	6	0.1338461
31	7	0.1364843
31	8	0.1309751
31	9	0.1309751
31	10	0.1451877
31	11	0.1451877
31	12	0.1585024
31	13	0.1488012
31	14	0.1291014
31	15	0.1291014
31	16	0.1291278
31	17	0.1300504
31	18	0.1364527
31	19	0.1429459
31	20	0.1344435
31	21	0.1344435
31	22	0.1369942
31	23	0.1488012
31	24	0.1570701
31	25	0.1570701
31	26	0.1570701
31	27	0.1451141
31	28	0.1380637
31	29	0.1380479
31	30	0.1469912
32	0	0.1343053
32	1	0.1342895
32	2	0.164622
32	3	0.164622
32	4	0.164622
32	5	0.164622
32	6	0.164622
32	7	0.164622
32	8	0.164622
32	9	0.164622
32	10	0.164622
32	11	0.164622
32	12	0.155991
32	13	0.1412355
32	14	0.1412355
32	15	0.1487291
32	16	0.1431424
32	17	0.1431266
32	18	0.1344049
32	19	0.1301732
32	20	0.1301732
32	21	0.1314106
32	22	0.1351617
32	23	0.1422656
32	24	0.1572478
32	25	0.1478371
32	26	0.1478371
32	27	0.1505239
32	28	0.1408501
32	29	0.1408501
32	30	0.1552718
32	31	0.1626056
33	0	0.163236
33	1	0.1287893
33	2	0.1287736
33	3	0.1341903
33	4	0.1349725
33	5	0.1307689
33	6	0.1307689
33	7	0.1278604
33	8	0.1278604
33	9	0.1626249
33	10	0.1761407
33	11	0.1356322
33	12	0.1356322
33	13	0.1360824
33	14	0.1375207
33	15	0.1480834
33	16	0.1723384
33	17	0.1338146
33	18	0.1325601
33	19	0.1319023
33	20	0.1319023
33	21	0.1333706
33	22	0.1333706
33	23	0.1337919
33	24	0.1375438
33	25	0.134602
33	26	0.134602
33	27	0.1385506
33	28	0.1441523
33	29	0.139468
33	30	0.139468
33	31	0.1415814
33	32	0.1368731
34	0	0.1349081
34	1	0.1349081
34	2	0.1363058
34	3	0.1395974
34	4	0.1363726
34	5	0.1363726
34	6	0.1403708
34	7	0.12778
34	8	0.12778
34	9	0.150232
34	10	0.1499551
34	11	0.1499393
34	12	0.1499886
34	13	0.1444296
34	14	0.1407825
34	15	0.1407825
34	16	0.1558818
34	17	0.1391361
34	18	0.1391361
34	19	0.1634465
34	20	0.1634465
34	21	0.1634465
34	22	0.1634465
34	23	0.1329039
34	24	0.1329197
34	25	0.1348519
34	26	0.1348519
34	27	0.1327308
34	28	0.1303346
34	29	0.1303188
34	30	0.1305418
34	31	0.130866
34	32	0.1313364
34	33	0.1332579
35	0	0.1332579
35	1	0.1361966
35	2	0.1340843
35	3	0.1340843
35	4	0.1354552
35	5	0.1354394
35	6	0.1367096
35	7	0.152181
35	8	0.1274474
35	9	0.1274474
35	10	0.129905
35	11	0.136282
35	12	0.1413676
35	13	0.1418579
35	14	0.1420956
35	15	0.1370398
35	16	0.1370398
35	17	0.1351377
35	18	0.1351377
35	19	0.1352075
35	20	0.1358017
35	21	0.1357159
35	22	0.1298885
35	23	0.1275906
35	24	0.127567
35	25	0.127567
35	26	0.1286886
35	27	0.1283196
35	28	0.1283196
35	29	0.1297723
35	30	0.1297881
35	31	0.1311983
35	32	0.1460013
35	33	0.1491927
35	34	0.1491927
36	0	0.1491927
36	1	0.1491927
36	2	0.1491927
36	3	0.1491927
36	4	0.1311745
36	5	0.1287292
36	6	0.1287292
36	7	0.1301123
36	8	0.1284138
36	9	0.1284138
36	10	0.1284378
36	11	0.1321178
36	12	0.1335886
36	13	0.1335886
36	14	0.1371869
36	15	0.1335063
36	16	0.1335063
36	17	0.1335386
36	18	0.1335386
36	19	0.1279854
36	20	0.1279854
36	21	0.1315887
36	22	0.1316044
36	23	0.1365741
36	24	0.1365741
36	25	0.1416693
36	26	0.1416693
36	27	0.1319486
36	28	0.1322842
36	29	0.1322842
36	30	0.1461628
36	31	0.1461628
36	32	0.1461628
36	33	0.1461628
36	34	0.1461628
36	35	0.1461628
37	0	0.1461628
37	1	0.1461628
37	2	0.1461628
37	3	0.1354748
37	4	0.135091
37	5	0.1350473
37	6	0.1350473
37	7	0.1359063
37	8	0.1381818
37	9	0.1424494
37	10	0.148572
37	11	0.148572
37	12	0.163119
37	13	0.1566511
37	14	0.1364064
37	15	0.1364064
37	16	0.1343868
37	17	0.1307153
37	18	0.1302375
37	19	0.1302375
37	20	0.1304369
37	21	0.1318513
37	22	0.1358449
37	23	0.1358449
37	24	0.1317477
37	25	0.1317477
37	26	0.1324276
37	27	0.1324276
37	28	0.136655
37	29	0.1371265
37	30	0.1371423
37	31	0.1479842
37	32	0.1542504
37	33	0.1424173
37	34	0.1424173
37	35	0.1459175
37	36	0.1501522
38	0	0.1501522
38	1	0.1502047
38	2	0.1276618
38	3	0.127646
38	4	0.1566511
38	5	0.1650463
38	6	0.1650463
38	7	0.133052
38	8	0.1330362
38	9	0.1359799
38	10	0.1359799
38	11	0.1520429
38	12	0.1613677
38	13	0.1490548
38	14	0.1490706
38	15	0.1386863
38	16	0.136901
38	17	0.136901
38	18	0.1458809
38	19	0.183701
38	20	0.2078626
38	21	0.1776923
38	22	0.1776923
38	23	0.2302155
38	24	0.2302155
38	25	0.1821845
38	26	0.1821845
38	27	0.1815905
38	28	0.1815747
38	29	0.1748704
38	30	0.1748862
38	31	0.1848028
38	32	0.1819347
38	33	0.1733725
38	34	0.1727222
38	35	0.1727065
38	36	0.173456
38	37	0.1734718
39	0	0.175
39	1	0.174811
39	2	0.174811
39	3	0.177364
39	4	0.1753314
39	5	0.1753314
39	6	0.1780413
39	7	0.1727897
39	8	0.1727897
39	9	0.178874
39	10	0.1803614
39	11	0.1812465
39	12	0.1812465
39	13	0.1787006
39	14	0.1787006
39	15	0.1986063
39	16	0.1765695
39	17	0.1746847
39	18	0.1742359
39	19	0.1739577
39	20	0.1739577
39	21	0.1796793
39	22	0.1796793
39	23	0.2344855
39	24	0.1749752
39	25	0.1749752
39	26	0.3148482
39	27	0.273795
39	28	0.2003375
39	29	0.2003375
39	30	0.1806556
39	31	0.1766095
39	32	0.1766253
39	33	0.1882799
39	34	0.1882799
39	35	0.1900838
39	36	0.1778249
39	37	0.1778249
39	38	0.2150533
40	0	0.1763712
40	1	0.1763712
40	2	0.2511175
40	3	0.1794251
40	4	0.1794251
40	5	0.1834691
40	6	0.1880982
40	7	0.1746587
40	8	0.1746587
40	9	0.17528
40	10	0.1810246
40	11	0.1810246
40	12	0.1891643
40	13	0.18918
40	14	0.1827623
40	15	0.1759759
40	16	0.1759759
40	17	0.1814278
40	18	0.182395
40	19	0.1868657
40	20	0.1756098
40	21	0.1756098
40	22	0.1813659
40	23	0.1809732
40	24	0.1777174
40	25	0.1770271
40	26	0.1742055
40	27	0.1741898
40	28	0.1868837
40	29	0.1991916
40	30	0.2811846
40	31	0.2122585
40	32	0.2122585
40	33	0.2244123
40	34	0.1759178
40	35	0.1759178
40	36	0.2540568
40	37	0.2034027
40	38	0.2033869
40	39	0.2334063
41	0	0.2487712
41	1	0.230507
41	2	0.2233207
41	3	0.2233207
41	4	0.2581086
41	5	0.4191143
41	6	0.4191143
41	7	0.5458044
41	8	0.3452339
41	9	0.3452339
41	10	0.3452339
41	11	0.3452339
41	12	0.3452339
41	13	0.3452339
41	14	0.2666123
41	15	0.2657914
41	16	0.2657914
41	17	0.2767027
41	18	0.2617038
41	19	0.2617038
41	20	0.2625208
41	21	0.2675484
41	22	0.2614729
41	23	0.2614571
41	24	0.2715898
41	25	0.2683314
41	26	0.2620063
41	27	0.262022
41	28	0.2612054
41	29	0.2612054
41	30	0.2645937
41	31	0.2645779
41	32	0.2646279
41	33	0.2688971
41	34	0.2731214
41	35	0.2731214
41	36	0.2762666
41	37	0.2762509
41	38	0.2810688
41	39	0.2708301
41	40	0.2708301
42	0	0.2712314
42	1	0.2777584
42	2	0.2777426
42	3	0.2817676
42	4	0.2799724
42	5	0.2635094
42	6	0.2635094
42	7	0.2842338
42	8	0.2854237
42	9	0.2876785
42	10	0.2740502
42	11	0.2740502
42	12	0.2758094
42	13	0.2983227
42	14	0.3735871
42	15	0.3764184
42	16	0.3946614
42	17	0.4190568
42	18	0.3732835
42	19	0.3122092
42	20	0.3121935
42	21	0.3255793
42	22	0.3361885
42	23	0.3732835
42	24	0.4686273
42	25	0.4686273
42	26	0.5047401
42	27	0.5017112
42	28	0.4087227
42	29	0.4087227
42	30	0.4741765
42	31	0.2710914
42	32	0.2710757
42	33	0.2758951
42	34	0.2758794
42	35	0.3026772
42	36	0.3115201
42	37	0.3137998
42	38	0.3072204
42	39	0.3072204
42	40	0.3951725
42	41	0.3871818
43	0	0.3255382
43	1	0.3042553
43	2	0.3042553
43	3	0.4624607
43	4	0.5062357
43	5	0.490855
43	6	0.490855
43	7	0.490855
43	8	0.4310924
43	9	0.4311081
43	10	0.3926602
43	11	0.3926602
43	12	0.3936326
43	13	0.3438267
43	14	0.3438267
43	15	0.3582377
43	16	0.276491
43	17	0.276491
43	18	0.3843475
43	19	0.3680914
43	20	0.3680914
43	21	0.4637715
43	22	0.3641157
43	23	0.3641157
43	24	0.3879452
43	25	0.3914088
43	26	0.3914088
43	27	0.4635265
43	28	0.4344303
43	29	0.4344303
43	30	0.4344303
43	31	0.4344303
43	32	0.4344303
43	33	0.4344303
43	34	0.4344303
43	35	0.4344303
43	36	0.3499601
43	37	0.3499759
43	38	0.3751739
43	39	0.2729203
43	40	0.2729203
43	41	0.258547
43	42	0.2585313
44	0	0.3369858
44	1	0.3370015
44	2	0.3687796
44	3	0.3805052
44	4	0.4009545
44	5	0.3185387
44	6	0.2641366
44	7	0.2641366
44	8	0.2766393
44	9	0.28418
44	10	0.3234572
44	11	0.3424969
44	12	0.3416593
44	13	0.3416593
44	14	0.4291933
44	15	0.4939535
44	16	0.5332335
44	17	0.4373319
44	18	0.4373319
44	19	0.4373319
44	20	0.4373319
44	21	0.4373319
44	22	0.4373319
44	23	0.4373319
44	24	0.4373319
44	25	0.4373319
44	26	0.3126011
44	27	0.3125854
44	28	0.3671444
44	29	0.3829007
44	30	0.3628062
44	31	0.3628062
44	32	0.3095691
44	33	0.287107
44	34	0.2866372
44	35	0.2866372
44	36	0.2869289
44	37	0.3060616
44	38	0.3060616
44	39	0.3095226
44	40	0.3854862
44	41	0.3925416
44	42	0.311403
44	43	0.311403
45	0	0.4270278
45	1	0.4270278
45	2	0.4915607
45	3	0.4915765
45	4	0.5234653
45	5	0.5234811
45	6	0.5110311
45	7	0.4762382
45	8	0.4762224
45	9	0.5383152
45	10	0.391485
45	11	0.391485
45	12	0.5557637
45	13	0.5568078
45	14	0.4679024
45	15	0.4679024
45	16	0.6488458
45	17	0.5750552
45	18	0.5750552
45	19	0.5750552
45	20	0.5750552
45	21	0.5750552
45	22	0.5750552
45	23	0.5750552
45	24	0.5750552
45	25	0.5750552
45	26	0.4773461
45	27	0.4562333
45	28	0.4562517
45	29	0.4571999
45	30	0.4571841
45	31	0.5003463
45	32	0.5129626
45	33	0.5244906
45	34	0.4423619
45	35	0.4397862
45	36	0.4397862
45	37	0.4510113
45	38	0.4525212
45	39	0.4735281
45	40	0.4326483
45	41	0.4326326
45	42	0.4343341
45	43	0.4349942
45	44	0.475291
46	0	0.4832663
46	1	0.4684294
46	2	0.4684137
46	3	0.4764389
46	4	0.4557835
46	5	0.4466564
46	6	0.4466407
46	7	0.4505306
46	8	0.4634652
46	9	0.5033683
46	10	0.5060645
46	11	0.5083681
46	12	0.5098099
46	13	0.4745613
46	14	0.4745613
46	15	0.4790379
46	16	0.4405438
46	17	0.4405438
46	18	0.4677172
46	19	0.5154141
46	20	0.5154141
46	21	0.5313631
46	22	0.4688163
46	23	0.4688321
46	24	0.496439
46	25	0.4567911
46	26	0.428759
46	27	0.5177052
46	28	0.5177209
46	29	0.4254616
46	30	0.4254616
46	31	0.5380328
46	32	0.5128265
46	33	0.5064005
46	34	0.5064005
46	35	0.4636053
46	36	0.4636053
46	37	0.5031798
46	38	0.5031798
46	39	0.5417725
46	40	0.4892818
46	41	0.4463293
46	42	0.4463293
46	43	0.5338438
46	44	0.5338596
46	45	0.5499478
47	0	0.4938284
47	1	0.4938284
47	2	0.4729478
47	3	0.4729478
47	4	0.4752729
47	5	0.4574176
47	6	0.4574333
47	7	0.4574741
47	8	0.4767681
47	9	0.485816
47	10	0.4914607
47	11	0.4982335
47	12	0.5002817
47	13	0.4943047
47	14	0.4943204
47	15	0.5007074
47	16	0.5112497
47	17	0.5007907
47	18	0.5007907
47	19	0.4940731
47	20	0.4751143
47	21	0.4751143
47	22	0.4895863
47	23	0.518622
47	24	0.5186062
47	25	0.5191716
47	26	0.5272907
47	27	0.5409334
47	28	0.5020175
47	29	0.5020175
47	30	0.5750552
47	31	0.5429157
47	32	0.5429157
47	33	0.5429157
47	34	0.5429157
47	35	0.5242621
47	36	0.5233746
47	37	0.5233599
47	38	0.6183799
47	39	0.6260077
47	40	0.6260077
47	41	0.6260077
47	42	0.6260077
47	43	0.5549907
47	44	0.5550042
47	45	0.5359459
47	46	0.531983
48	0	0.543485
48	1	0.4976976
48	2	0.4976976
48	3	0.5058361
48	4	0.5493234
48	5	0.5493234
48	6	0.5673047
48	7	0.5760092
48	8	0.5542314
48	9	0.5542314
48	10	0.5896842
48	11	0.4854626
48	12	0.4749031
48	13	0.4749031
48	14	0.4943589
48	15	0.5490917
48	16	0.530115
48	17	0.4666231
48	18	0.4440238
48	19	0.4440238
48	20	0.4462911
48	21	0.4438139
48	22	0.4438139
48	23	0.4542271
48	24	0.4596877
48	25	0.5061803
48	26	0.4878661
48	27	0.4680527
48	28	0.4680527
48	29	0.4690222
48	30	0.5316933
48	31	0.5370861
48	32	0.5322611
48	33	0.5322611
48	34	0.521014
48	35	0.5041424
48	36	0.4667402
48	37	0.4667402
48	38	0.5177879
48	39	0.5201922
48	40	0.4464624
48	41	0.4464624
48	42	0.517459
48	43	0.517459
48	44	0.4673536
48	45	0.4673536
48	46	0.5087935
48	47	0.5088117
49	0	0.5036025
49	1	0.5035867
49	2	0.5113705
49	3	0.4820772
49	4	0.4820929
49	5	0.5510579
49	6	0.5510579
49	7	0.4481222
49	8	0.4481222
49	9	0.5326701
49	10	0.5326701
49	11	0.5326701
49	12	0.5027534
49	13	0.5005646
49	14	0.5005646
49	15	0.4665052
49	16	0.4549161
49	17	0.4549161
49	18	0.4842879
49	19	0.4842879
49	20	0.4859725
49	21	0.4885595
49	22	0.4912979
49	23	0.4912979
49	24	0.4813934
49	25	0.4589432
49	26	0.4589589
49	27	0.4490477
49	28	0.4490319
49	29	0.4494307
49	30	0.449415
49	31	0.4568993
49	32	0.4580609
49	33	0.5119873
49	34	0.5454414
49	35	0.4608228
49	36	0.4608228
49	37	0.5067989
49	38	0.5486202
49	39	0.4739465
49	40	0.4739465
49	41	0.4961066
49	42	0.4961066
49	43	0.4592227
49	44	0.459207
49	45	0.4610429
49	46	0.5181586
49	47	0.5517907
49	48	0.5517749
50	0	0.5321753
50	1	0.5321753
50	2	0.5178809
50	3	0.5178967
50	4	0.5195148
50	5	0.4341786
50	6	0.4341628
50	7	0.4505529
50	8	0.4592424
50	9	0.4740305
50	10	0.4317534
50	11	0.4317377
50	12	0.5026361
50	13	0.513317
50	14	0.513317
50	15	0.5176096
50	16	0.5176096
50	17	0.5273372
50	18	0.5162394
50	19	0.5162394
50	20	0.5152033
50	21	0.5152033
50	22	0.512624
50	23	0.512624
50	24	0.4595031
50	25	0.4595142
50	26	0.5462297
50	27	0.5270776
50	28	0.5270776
50	29	0.5198828
50	30	0.5198828
50	31	0.5309824
50	32	0.5309824
50	33	0.5558068
50	34	0.5422619
50	35	0.5422619
50	36	0.5566184
50	37	0.5093172
50	38	0.4713399
50	39	0.4713241
50	40	0.6512584
50	41	0.5065949
50	42	0.4442065
50	43	0.4442065
50	44	0.4547734
50	45	0.4547734
50	46	0.490077
50	47	0.4901263
50	48	0.4831122
50	49	0.4831122
51	0	0.500454
51	1	0.5182243
51	2	0.5179671
51	3	0.5179565
51	4	0.4461851
51	5	0.4461851
51	6	0.4646087
51	7	0.5277141
51	8	0.4757459
51	9	0.4757617
51	10	0.4875719
51	11	0.4674751
51	12	0.4674582
51	13	0.5259797
51	14	0.6159073
51	15	0.6159073
51	16	0.6071877
51	17	0.540062
51	18	0.5251092
51	19	0.5251092
51	20	0.5539754
51	21	0.5091427
51	22	0.4819281
51	23	0.4819281
51	24	0.492381
51	25	0.4736537
51	26	0.4736537
51	27	0.4989642
51	28	0.5215067
51	29	0.4913986
51	30	0.4913986
51	31	0.5511219
51	32	0.5307199
51	33	0.4748072
51	34	0.4748072
51	35	0.4738498
51	36	0.4738498
51	37	0.5432028
51	38	0.5443026
51	39	0.5570341
51	40	0.5570341
51	41	0.5091057
51	42	0.5091057
51	43	0.5091057
51	44	0.4504299
51	45	0.440579
51	46	0.4364637
51	47	0.4364637
51	48	0.4387977
51	49	0.433565
51	50	0.4302967
52	0	0.4302967
52	1	0.4482576
52	2	0.4482576
52	3	0.477185
52	4	0.4885341
52	5	0.4885184
52	6	0.4938766
52	7	0.4959099
52	8	0.4959099
52	9	0.455153
52	10	0.455153
52	11	0.4780691
52	12	0.4928942
52	13	0.4928942
52	14	0.4657655
52	15	0.4632108
52	16	0.4632265
52	17	0.4540172
52	18	0.4454069
52	19	0.4454162
52	20	0.4515555
52	21	0.462877
52	22	0.4669219
52	23	0.4587778
52	24	0.458762
52	25	0.4474031
52	26	0.4439556
52	27	0.4395972
52	28	0.4310337
52	29	0.4310337
52	30	0.4620576
52	31	0.4620576
52	32	0.4676145
52	33	0.46345
52	34	0.4577548
52	35	0.4577391
52	36	0.4663885
52	37	0.4891879
52	38	0.4744951
52	39	0.4744951
52	40	0.4821172
52	41	0.511936
52	42	0.511936
52	43	0.4889749
52	44	0.4889591
52	45	0.5425221
52	46	0.5405892
52	47	0.5405892
52	48	0.4397168
52	49	0.4397006
52	50	0.4583194
52	51	0.566386
53	0	0.5156548
53	1	0.5156548
53	2	0.5156548
53	3	0.5156548
53	4	0.5156548
53	5	0.5156548
53	6	0.5156548
53	7	0.5156548
53	8	0.5156548
53	9	0.5156548
53	10	0.5156548
53	11	0.5156548
53	12	0.5156548
53	13	0.4633421
53	14	0.4503689
53	15	0.4503689
53	16	0.4441663
53	17	0.4441663
53	18	0.431944
53	19	0.431944
53	20	0.4545117
53	21	0.4539979
53	22	0.4521547
53	23	0.4578317
53	24	0.4625143
53	25	0.460362
53	26	0.460362
53	27	0.4611306
53	28	0.44571
53	29	0.443297
53	30	0.443297
53	31	0.461171
53	32	0.4652002
53	33	0.4868341
53	34	0.4622051
53	35	0.4596377
53	36	0.4596377
53	37	0.4844269
53	38	0.4853368
53	39	0.4890758
53	40	0.4890758
53	41	0.5087054
53	42	0.4967909
53	43	0.4746918
53	44	0.4746722
53	45	0.4989459
53	46	0.4816576
53	47	0.4798824
53	48	0.4798666
53	49	0.4904639
53	50	0.5448903
53	51	0.5045974
53	52	0.5045974
54	0	0.5045974
54	1	0.5185418
54	2	0.5185418
54	3	0.4526169
54	4	0.4526169
54	5	0.5257722
54	6	0.517245
54	7	0.517245
54	8	0.5213002
54	9	0.5230877
54	10	0.5032823
54	11	0.5032823
54	12	0.528828
54	13	0.5320748
54	14	0.5301975
54	15	0.5301975
54	16	0.5089979
54	17	0.5089979
54	18	0.5096322
54	19	0.509648
54	20	0.4849209
54	21	0.4849209
54	22	0.5260387
54	23	0.5260387
54	24	0.5441469
54	25	0.5369377
54	26	0.4719665
54	27	0.4719665
54	28	0.4929387
54	29	0.4772263
54	30	0.4772263
54	31	0.4906255
54	32	0.5042011
54	33	0.5101698
54	34	0.5170912
54	35	0.46126
54	36	0.46126
54	37	0.4991562
54	38	0.4991562
54	39	0.5039794
54	40	0.5226829
54	41	0.4748528
54	42	0.4748528
54	43	0.4675197
54	44	0.4675197
54	45	0.4812426
54	46	0.4847519
54	47	0.5226829
54	48	0.5705444
54	49	0.7032068
54	50	0.505445
54	51	0.4727724
54	52	0.4727882
54	53	0.5232205
55	0	0.5232205
55	1	0.5016389
55	2	0.4753344
55	3	0.4753344
55	4	0.4917207
55	5	0.4811284
55	6	0.4811442
55	7	0.4972111
55	8	0.5232205
55	9	0.5403129
55	10	0.5403129
55	11	0.4973922
55	12	0.4973745
55	13	0.4852039
55	14	0.4851916
55	15	0.4937042
55	16	0.4970794
55	17	0.4845798
55	18	0.4845798
55	19	0.543929
55	20	0.543929
55	21	0.543929
55	22	0.543929
55	23	0.523841
55	24	0.4932463
55	25	0.4760188
55	26	0.4760188
55	27	0.4863505
55	28	0.4944477
55	29	0.4872749
55	30	0.4872749
55	31	0.5438698
55	32	0.5278102
55	33	0.5179277
55	34	0.4910416
55	35	0.4910573
55	36	0.5129095
55	37	0.5221041
55	38	0.5221041
55	39	0.526698
55	40	0.5197534
55	41	0.5197534
55	42	0.5313333
55	43	0.5044774
55	44	0.5044774
55	45	0.5193621
55	46	0.5193621
55	47	0.5264492
55	48	0.5304638
55	49	0.5304638
55	50	0.5426098
55	51	0.4916407
55	52	0.4346881
55	53	0.4346724
55	54	0.4612937
56	0	0.4613094
56	1	0.4916767
56	2	0.5145667
56	3	0.5426098
56	4	0.4957643
56	5	0.4957643
56	6	0.554638
56	7	0.5275737
56	8	0.5083197
56	9	0.5083039
56	10	0.5090423
56	11	0.4407676
56	12	0.4407676
56	13	0.4305799
56	14	0.4305799
56	15	0.434062
56	16	0.4333471
56	17	0.4333629
56	18	0.4477825
56	19	0.507764
56	20	0.4511209
56	21	0.4510461
56	22	0.4510461
56	23	0.466086
56	24	0.4559037
56	25	0.4559037
56	26	0.4951236
56	27	0.5726807
56	28	0.6401271
56	29	0.529556
56	30	0.529556
56	31	0.6234355
56	32	0.6800416
56	33	0.6984761
56	34	0.6984919
56	35	0.8800841
56	36	0.8800841
56	37	0.8893706
56	38	0.8314029
56	39	0.8314029
56	40	0.8093478
56	41	0.6762082
56	42	0.589805
56	43	0.5898207
56	44	0.6129082
56	45	0.6181169
56	46	0.6488262
56	47	0.6080587
56	48	0.608043
56	49	0.6142088
56	50	0.6901911
56	51	0.6901911
56	52	0.6694262
56	53	0.588049
56	54	0.5880648
56	55	0.6449233
57	0	0.6449233
57	1	0.6286236
57	2	0.6286236
57	3	0.7363489
57	4	0.7363331
57	5	0.7372578
57	6	0.7449441
57	7	0.7474615
57	8	0.8073927
57	9	0.6737465
57	10	0.62593
57	11	0.62593
57	12	0.8264298
57	13	0.8345481
57	14	0.8676441
57	15	0.8676441
57	16	0.8676441
57	17	0.7733572
57	18	0.723174
57	19	0.723174
57	20	0.763196
57	21	0.6019238
57	22	0.6019238
57	23	0.7243752
57	24	0.7628548
57	25	0.816462
57	26	0.8287657
57	27	0.6741528
57	28	0.6741528
57	29	0.7036625
57	30	0.9041436
57	31	0.8857854
57	32	0.8857854
57	33	0.8857854
57	34	0.8857854
57	35	0.8857854
57	36	0.8857854
57	37	0.8857854
57	38	0.8857854
57	39	0.7806348
57	40	0.7806506
57	41	0.780779
57	42	0.7807948
57	43	0.7858235
57	44	0.7952474
57	45	0.799715
57	46	0.8028132
57	47	0.8091307
57	48	0.8091307
57	49	0.810142
57	50	0.811133
57	51	0.799462
57	52	0.7769439
57	53	0.7769439
57	54	0.7889447
57	55	0.7929187
57	56	0.7929187
58	0	0.7976018
58	1	0.7949092
58	2	0.7949092
58	3	0.7970347
58	4	0.7970347
58	5	0.8208831
58	6	0.7804108
58	7	0.7804108
58	8	0.8287272
58	9	0.838026
58	10	0.8056428
58	11	0.7927494
58	12	0.7927494
58	13	0.8056271
58	14	0.7839843
58	15	0.7839843
58	16	0.8011493
58	17	0.8011493
58	18	0.8177134
58	19	0.7743257
58	20	0.7743257
58	21	0.7785835
58	22	0.771083
58	23	0.771083
58	24	0.7732029
58	25	0.7804352
58	26	0.7810836
58	27	0.7794905
58	28	0.7794905
58	29	0.7664454
58	30	0.7664454
58	31	0.7697722
58	32	0.7876806
58	33	0.8260966
58	34	0.8299063
58	35	0.8190562
58	36	0.8190562
58	37	0.8019138
58	38	0.8019138
58	39	0.8445328
58	40	0.8414789
58	41	0.8289436
58	42	0.8289436
58	43	0.8483832
58	44	0.817739
58	45	0.817739
58	46	0.7847403
58	47	0.7847403
58	48	0.8324743
58	49	0.8324743
58	50	0.7820556
58	51	0.7820556
58	52	0.783851
58	53	0.8227156
58	54	0.8021525
58	55	0.8021367
58	56	0.8203208
58	57	0.7955432
59	0	0.7811146
59	1	0.7811146
59	2	0.7986698
59	3	0.7923472
59	4	0.7923472
59	5	0.7737673
59	6	0.7737673
59	7	0.847186
59	8	0.8783301
59	9	0.8783301
59	10	0.846168
59	11	0.8461838
59	12	0.7822387
59	13	0.7822387
59	14	0.7790123
59	15	0.7602855
59	16	0.7602697
59	17	0.7603305
59	18	0.7485687
59	19	0.8053809
59	20	0.8045807
59	21	0.7975683
59	22	0.7780103
59	23	0.7780103
59	24	0.79331
59	25	0.810495
59	26	0.7658705
59	27	0.7658705
59	28	0.7610135
59	29	0.7610293
59	30	0.8774277
59	31	0.8460913
59	32	0.7946764
59	33	0.7594693
59	34	0.7594693
59	35	0.8400083
59	36	0.8801551
59	37	0.8567738
59	38	0.8054584
59	39	0.8054584
59	40	0.8088631
59	41	0.8228956
59	42	0.8311424
59	43	0.8236572
59	44	0.8236572
59	45	0.8694284
59	46	0.8694284
59	47	0.8694284
59	48	0.8694284
59	49	0.8694284
59	50	0.8694284
59	51	0.8694284
59	52	0.8694284
59	53	0.8694284
59	54	0.8694284
59	55	0.8694284
59	56	0.8694284
59	57	0.8694284
59	58	0.8694284
60	0	0.8694284
60	1	0.8694284
60	2	0.8694284
60	3	0.8694284
60	4	0.8694284
60	5	0.8694284
60	6	0.8694284
60	7	0.8694284
60	8	0.8694284
60	9	0.8694284
60	10	0.8694284
60	11	0.8224068
60	12	0.7996896
60	13	0.769926
60	14	0.7699418
60	15	0.7675991
60	16	0.7675991
60	17	0.7682308
60	18	0.7768027
60	19	0.7640299
60	20	0.7640299
60	21	0.7964073
60	22	0.7985459
60	23	0.7695839
60	24	0.7695839
60	25	0.7565657
60	26	0.7565657
60	27	0.7620892
60	28	0.7702029
60	29	0.7687965
60	30	0.7688123
60	31	0.7605712
60	32	0.7605555
60	33	0.7738202
60	34	0.7738044
60	35	0.7738559
60	36	0.7816426
60	37	0.7816426
60	38	0.7655274
60	39	0.7655274
60	40	0.7836295
60	41	0.7729658
60	42	0.7729658
60	43	0.8263783
60	44	0.7777872
60	45	0.7777872
60	46	0.7785623
60	47	0.7802533
60	48	0.7821216
60	49	0.7821058
60	50	0.782789
60	51	0.782789
60	52	0.7665566
60	53	0.7665566
60	54	0.7692134
60	55	0.767133
60	56	0.767133
60	57	0.7923778
60	58	0.7875302
60	59	0.7849436
61	0	0.7845236
61	1	0.7731739
61	2	0.7731739
61	3	0.790976
61	4	0.7906741
61	5	0.7906899
61	6	0.7952884
61	7	0.7639538
61	8	0.7639538
61	9	0.8046595
61	10	0.7956232
61	11	0.7812669
61	12	0.7812669
61	13	0.7912413
61	14	0.7912571
61	15	0.8270118
61	16	0.8270118
61	17	0.8338382
61	18	0.7936332
61	19	0.7936332
61	20	0.7937941
61	21	0.7937784
61	22	0.7558148
61	23	0.753194
61	24	0.7531782
61	25	0.7649754
61	26	0.769551
61	27	0.7741036
61	28	0.7625908
61	29	0.7625908
61	30	0.7559106
61	31	0.7609843
61	32	0.7941037
61	33	0.7941522
61	34	0.7952124
61	35	0.7960612
61	36	0.7739494
61	37	0.7672355
61	38	0.7475948
61	39	0.7475948
61	40	0.7791504
61	41	0.7630777
61	42	0.7630777
61	43	0.7596396
61	44	0.7596396
61	45	0.7856612
61	46	0.8218257
61	47	0.7989841
61	48	0.7989841
61	49	0.7776415
61	50	0.7776415
61	51	0.7779292
61	52	0.7779292
61	53	0.7836083
61	54	0.7837502
61	55	0.8416554
61	56	0.8242477
61	57	0.8022849
61	58	0.8022849
61	59	0.8280838
61	60	0.8018308
62	0	0.8018308
62	1	0.7944625
62	2	0.7844357
62	3	0.7844357
62	4	0.8668984
62	5	0.8694284
62	6	0.8709576
62	7	0.8709418
62	8	0.8913381
62	9	0.8913838
62	10	0.8562269
62	11	0.8018879
62	12	0.7591558
62	13	0.7591558
62	14	0.7861027
62	15	0.7900945
62	16	0.7985667
62	17	0.7985825
62	18	0.8119443
62	19	0.8119443
62	20	0.814368
62	21	0.8163601
62	22	0.8180546
62	23	0.791994
62	24	0.7919782
62	25	0.8418962
62	26	0.84755
62	27	0.84755
62	28	0.8584009
62	29	0.8610087
62	30	0.8641235
62	31	0.8641472
62	32	0.8641235
62	33	0.8042868
62	34	0.773252
62	35	0.773252
62	36	0.7650438
62	37	0.7650596
62	38	0.7819658
62	39	0.8157346
62	40	0.8157346
62	41	0.8286826
62	42	0.7817833
62	43	0.7817833
62	44	0.800145
62	45	0.825866
62	46	0.8764509
62	47	0.8764666
62	48	0.8671819
62	49	0.8118504
62	50	0.8118504
62	51	0.8234572
62	52	0.8234572
62	53	0.8313662
62	54	0.7899955
62	55	0.7899955
62	56	0.8569918
62	57	0.8768939
62	58	0.8239787
62	59	0.8239787
62	60	0.7944996
62	61	0.7944996
63	0	0.7941274
63	1	0.7941274
63	2	0.8092263
63	3	0.8194952
63	4	0.8341793
63	5	0.8095015
63	6	0.8095015
63	7	0.8524592
63	8	0.8678299
63	9	0.7948631
63	10	0.7948631
63	11	0.8240216
63	12	0.8240374
63	13	0.8477407
63	14	0.8477407
63	15	0.8673953
63	16	0.7830126
63	17	0.7829969
63	18	0.8777272
63	19	0.8805725
63	20	0.8863776
63	21	0.7981615
63	22	0.7981615
63	23	0.8669669
63	24	0.8782799
63	25	0.8273676
63	26	0.7921668
63	27	0.7921668
63	28	0.8073215
63	29	0.8366294
63	30	0.8490258
63	31	0.8291799
63	32	0.8291956
63	33	0.8734373
63	34	0.8794598
63	35	0.8927079
63	36	0.8691895
63	37	0.8691895
63	38	0.8429466
63	39	0.8429466
63	40	0.9046935
63	41	0.8981433
63	42	0.8981433
63	43	0.9013616
63	44	0.8763957
63	45	0.8763957
63	46	0.8807936
63	47	0.9037557
63	48	0.9033021
63	49	0.8726247
63	50	0.8686061
63	51	0.8686061
63	52	0.8772877
63	53	0.9038013
63	54	0.849364
63	55	0.849364
63	56	0.9001286
63	57	0.8661806
63	58	0.8661806
63	59	0.8570186
63	60	0.8570186
63	61	0.8893175
63	62	0.8532778
64	0	0.8532778
64	1	0.8804139
64	2	0.8745026
64	3	0.8172375
64	4	0.8172375
64	5	0.8925529
64	6	0.84394
64	7	0.84394
64	8	0.8446282
64	9	0.8152866
64	10	0.8152866
64	11	0.8650658
64	12	0.8650658
64	13	0.8667746
64	14	0.8870493
64	15	0.8595881
64	16	0.8491408
64	17	0.8477803
64	18	0.8477803
64	19	0.8420585
64	20	0.8420742
64	21	0.7968428
64	22	0.8643812
64	23	0.8643812
64	24	0.8647856
64	25	0.8600878
64	26	0.8600878
64	27	0.8826656
64	28	0.8330189
64	29	0.8330189
64	30	0.8354963
64	31	0.8354963
64	32	0.8860161
64	33	0.8860161
64	34	0.7788465
64	35	0.776907
64	36	0.776907
64	37	0.7703327
64	38	0.7703327
64	39	0.7787643
64	40	0.7888728
64	41	0.7886709
64	42	0.7886866
64	43	0.8351342
64	44	0.9018288
64	45	0.903411
64	46	0.8606807
64	47	0.8606964
64	48	0.8602847
64	49	0.8602847
64	50	0.8969834
64	51	0.8969834
64	52	0.9052246
64	53	0.9062499
64	54	0.90344
64	55	0.90344
64	56	0.9050916
64	57	0.8921312
64	58	0.8921312
64	59	0.9310689
64	60	0.9310689
64	61	0.9292614
64	62	0.9292614
64	63	0.9255487
65	0	0.9255487
65	1	0.9267134
65	2	0.9269007
65	3	0.9280967
65	4	0.9284694
65	5	0.9297923
65	6	0.9298081
65	7	0.9275631
65	8	0.9275631
65	9	0.9245077
65	10	0.9245077
65	11	0.926234
65	12	0.9329256
65	13	0.9329256
65	14	0.9759217
65	15	0.9759217
65	16	0.9759217
65	17	0.9759217
65	18	0.9742717
65	19	0.9706678
65	20	0.9706521
65	21	0.9707638
65	22	0.9707638
65	23	0.9636292
65	24	0.9636292
65	25	0.9636055
65	26	0.959001
65	27	0.952944
65	28	0.9529282
65	29	0.9599294
65	30	0.964331
65	31	0.964331
65	32	0.9707165
65	33	0.9707165
65	34	0.9726595
65	35	0.956039
65	36	0.956039
65	37	0.956039
65	38	0.9625064
65	39	0.9667998
65	40	0.9667998
65	41	0.9667998
65	42	0.9667683
65	43	0.9671728
65	44	0.9671728
65	45	0.9671728
65	46	0.9765339
65	47	0.9765339
65	48	0.981473
65	49	0.981473
65	50	0.9814493
65	51	0.9634905
65	52	0.9634748
65	53	0.9739232
65	54	0.9834282
65	55	0.9834282
65	56	0.9834282
65	57	0.9723301
65	58	0.9812782
65	59	0.9805218
65	60	0.9718116
65	61	0.9717958
65	62	0.9805867
65	63	0.9805867
65	64	0.9805867
66	0	0.9685056
66	1	0.9864444
66	2	0.9864444
66	3	0.9864207
66	4	0.9850468
66	5	0.9850468
66	6	0.9941253
66	7	0.9832184
66	8	0.9697562
66	9	0.9910381
66	10	0.9910381
66	11	0.9932427
66	12	0.9943627
66	13	0.9943627
66	14	0.9944022
66	15	0.9940316
66	16	0.9940316
66	17	0.9944022
66	18	0.9944022
66	19	0.999232
66	20	0.999232
66	21	0.999232
66	22	0.999232
66	23	0.999232
66	24	0.9145317
66	25	0.9145317
66	26	0.9145317
66	27	0.9145317
66	28	0.9145317
66	29	0.9145317
66	30	0.9145317
66	31	0.9145317
66	32	0.9145317
66	33	0.9145317
66	34	0.9145317
66	35	0.001311
66	36	0.0325205
66	37	0.0325205
66	38	0.0325205
66	39	0.0325205
66	40	0.0325205
66	41	0.0325205
66	42	0.0325205
66	43	0.0325205
66	44	0.0325205
66	45	0.0325205
66	46	0.0325205
66	47	0.0325205
66	48	0.0325205
66	49	0.0325205
66	50	0.0325205
66	51	0.0325205
66	52	0.0325205
66	53	0.0325205
66	54	0.0325205
66	55	0.0325205
66	56	0.0325205
66	57	0.0325205
66	58	0.0325205
66	59	0.0325205
66	60	0.0325205
66	61	0.0325205
66	62	0.0325205
66	63	0.0325205
66	64	0.0325205
66	65	0.0325205
67	0	0.0325205
67	1	0.0325205
67	2	0.0325205
67	3	0.0325205
67	4	0.0325205
67	5	0.0325205
67	6	0.0325205
67	7	0.0325205
67	8	0.0325205
67	9	0.0325205
67	10	0.0273066
67	11	0.0269974
67	12	0.0267365
67	13	0.0267365
67	14	0.0269282
67	15	0.0259562
67	16	0.0259562
67	17	0.0265182
67	18	0.0265025
67	19	0.0256653
67	20	0.0253095
67	21	0.0252938
67	22	0.0254241
67	23	0.0271936
67	24	0.0272909
67	25	0.027472
67	26	0.0274878
67	27	0.0277506
67	28	0.0277506
67	29	0.0286803
67	30	0.0278566
67	31	0.0266055
67	32	0.0266213
67	33	0.0288503
67	34	0.0274397
67	35	0.0274239
67	36	0.0271128
67	37	0.0271286
67	38	0.0279839
67	39	0.026384
67	40	0.0263683
67	41	0.0267853
67	42	0.0267853
67	43	0.0271763
67	44	0.027029
67	45	0.0270132
67	46	0.0273908
67	47	0.0260452
67	48	0.0260295
67	49	0.0267601
67	50	0.0270553
67	51	0.0270553
67	52	0.0276889
67	53	0.0282877
67	54	0.0284657
67	55	0.0278931
67	56	0.0279089
67	57	0.0266478
67	58	0.0261892
67	59	0.0261892
67	60	0.028525
67	61	0.0273255
67	62	0.0273412
67	63	0.0291218
67	64	0.0287449
67	65	0.0271522
67	66	0.0271522
68	0	0.0274066
68	1	0.028543
68	2	0.0288934
68	3	0.0285667
68	4	0.0285667
68	5	0.0284296
68	6	0.0284453
68	7	0.0294437
68	8	0.0262535
68	9	0.0262535
68	10	0.0274555
68	11	0.0276666
68	12	0.0270876
68	13	0.0270876
68	14	0.0277981
68	15	0.0280312
68	16	0.0291468
68	17	0.0272416
68	18	0.0272574
68	19	0.0294895
68	20	0.0293602
68	21	0.0277047
68	22	0.0277204
68	23	0.0289537
68	24	0.0286307
68	25	0.028499
68	26	0.028499
68	27	0.0288745
68	28	0.0272093
68	29	0.0272251
68	30	0.0280635
68	31	0.0280477
68	32	0.0282179
68	33	0.0282179
68	34	0.0286138
68	35	0.0295352
68	36	0.0257864
68	37	0.0255062
68	38	0.0255062
68	39	0.0258391
68	40	0.0257691
68	41	0.0257533
68	42	0.0281758
68	43	0.0280792
68	44	0.0276316
68	45	0.0276474
68	46	0.0265679
68	47	0.0265836
68	48	0.0261175
68	49	0.0261018
68	50	0.0283454
68	51	0.0283611
68	52	0.0279346
68	53	0.0259264
68	54	0.0259106
68	55	0.0261471
68	56	0.0278408
68	57	0.0283855
68	58	0.0283855
68	59	0.0250911
68	60	0.0251069
68	61	0.0264006
68	62	0.0264479
68	63	0.0264321
68	64	0.0264163
68	65	0.0269478
68	66	0.0275743
68	67	0.0275208
69	0	0.0275051
69	1	0.0281923
69	2	0.0282696
69	3	0.029168
69	4	0.0292541
69	5	0.0258556
69	6	0.0256826
69	7	0.0256983
69	8	0.0268632
69	9	0.0253741
69	10	0.0253584
69	11	0.0253899
69	12	0.0255618
69	13	0.0260794
69	14	0.0260637
69	15	0.026316
69	16	0.0264636
69	17	0.0275577
69	18	0.0279996
69	19	0.0280154
69	20	0.0293295
69	21	0.025073
69	22	0.0250092
69	23	0.0247715
69	24	0.0247557
69	25	0.0251234
69	26	0.0251888
69	27	0.024873
69	28	0.0248888
69	29	0.0250257
69	30	0.0250415
69	31	0.0251392
69	32	0.0249934
69	33	0.0249776
69	34	0.0252768
69	35	0.0254618
69	36	0.0255958
69	37	0.0256457
69	38	0.025408
69	39	0.0253411
69	40	0.0253253
69	41	0.0262787
69	42	0.0251715
69	43	0.0251557
69	44	0.0252399
69	45	0.0254807
69	46	0.0264867
69	47	0.0256133
69	48	0.0256291
69	49	0.0260137
69	50	0.0248504
69	51	0.0248346
69	52	0.0248188
69	53	0.0247396
69	54	0.0247081
69	55	0.0246923
69	56	0.0247238
69	57	0.0248023
69	58	0.0246429
69	59	0.0246429
69	60	0.0249603
69	61	0.0250573
69	62	0.0255776
69	63	0.0252203
69	64	0.0252045
69	65	0.0252572
69	66	0.0254461
69	67	0.0262129
69	68	0.0262287
70	0	0.0262971
70	1	0.0249344
70	2	0.0249344
70	3	0.0257322
70	4	0.0257164
70	5	0.0272747
70	6	0.0273605
70	7	0.0258206
70	8	0.0258049
70	9	0.02599
70	10	0.02599
70	11	0.0265442
70	12	0.0265442
70	13	0.026879
70	14	0.0287918
70	15	0.0287761
70	16	0.0277743
70	17	0.0269722
70	18	0.0269722
70	19	0.0281392
70	20	0.028155
70	21	0.0282473
70	22	0.0288334
70	23	0.0288176
70	24	0.0278189
70	25	0.0263475
70	26	0.0263317
70	27	0.027542
70	28	0.025546
70	29	0.0255303
70	30	0.0261648
70	31	0.025887
70	32	0.025887
70	33	0.0292033
70	34	0.0289857
70	35	0.0289699
70	36	0.028095
70	37	0.0281108
70	38	0.0290045
70	39	0.029271
70	40	0.029227
70	41	0.029227
70	42	0.0286488
70	43	0.0286646
70	44	0.0298137
70	45	0.0268271
70	46	0.0268113
70	47	0.0268428
70	48	0.0266798
70	49	0.026664
70	50	0.026909
70	51	0.0279508
70	52	0.0279665
70	53	0.0267034
70	54	0.0267034
70	55	0.0278727
70	56	0.0284092
70	57	0.0289307
70	58	0.0283034
70	59	0.0283192
70	60	0.0287226
70	61	0.0287069
70	62	0.0294152
70	63	0.0290791
70	64	0.0290949
70	65	0.0294752
70	66	0.0290435
70	67	0.0290435
70	68	0.0302605
70	69	0.0275979
71	0	0.0275979
71	1	0.0297475
71	2	0.0297317
71	3	0.0352004
71	4	0.0379039
71	5	0.0410311
71	6	0.0410311
71	7	0.0533559
71	8	0.0533559
71	9	0.0533559
71	10	0.0533559
71	11	0.0533559
71	12	0.0533559
71	13	0.0456671
71	14	0.0456671
71	15	0.0470579
71	16	0.0458863
71	17	0.0458863
71	18	0.0784747
71	19	0.0784747
71	20	0.0784747
71	21	0.0784747
71	22	0.0784747
71	23	0.0784747
71	24	0.0764751
71	25	0.0737781
71	26	0.0735819
71	27	0.0730999
71	28	0.0730999
71	29	0.0735008
71	30	0.0733012
71	31	0.0732854
71	32	0.0735339
71	33	0.0735496
71	34	0.0731822
71	35	0.0731822
71	36	0.073247
71	37	0.0733483
71	38	0.0733483
71	39	0.0734427
71	40	0.073427
71	41	0.0743145
71	42	0.0741907
71	43	0.0742065
71	44	0.0753223
71	45	0.0753223
71	46	0.0749389
71	47	0.0749389
71	48	0.0762824
71	49	0.0740944
71	50	0.0740944
71	51	0.0742461
71	52	0.0742303
71	53	0.0744549
71	54	0.074513
71	55	0.0746853
71	56	0.0740315
71	57	0.0740473
71	58	0.0743713
71	59	0.0743713
71	60	0.0751441
71	61	0.0767066
71	62	0.0758003
71	63	0.0758003
71	64	0.0784195
71	65	0.077136
71	66	0.0759526
71	67	0.0759526
71	68	0.0760286
71	69	0.0748704
71	70	0.0748704
72	0	0.077136
72	1	0.0772931
72	2	0.0772773
72	3	0.0763884
72	4	0.0763884
72	5	0.0764335
72	6	0.0781907
72	7	0.0787041
72	8	0.0762322
72	9	0.0762322
72	10	0.1731268
72	11	0.1526273
72	12	0.1526273
72	13	0.1526273
72	14	0.1526273
72	15	0.1526273
72	16	0.1526273
72	17	0.1526273
72	18	0.1526273
72	19	0.1526273
72	20	0.1526273
72	21	0.1526273
72	22	0.1526273
72	23	0.137791
72	24	0.1288728
72	25	0.127318
72	26	0.1273337
72	27	0.1280456
72	28	0.1270268
72	29	0.1270426
72	30	0.1270599
72	31	0.1270757
72	32	0.1276943
72	33	0.1276943
72	34	0.1285098
72	35	0.1286594
72	36	0.1299734
72	37	0.1326166
72	38	0.1326324
72	39	0.1323899
72	40	0.1323899
72	41	0.1352302
72	42	0.135674
72	43	0.1372792
72	44	0.1383975
72	45	0.1323522
72	46	0.1323522
72	47	0.1352659
72	48	0.1369684
72	49	0.1295902
72	50	0.1295902
72	51	0.1395134
72	52	0.1395134
72	53	0.1291518
72	54	0.1291518
72	55	0.1358209
72	56	0.1449691
72	57	0.148431
72	58	0.1488395
72	59	0.1536251
72	60	0.1536251
72	61	0.1536251
72	62	0.1536251
72	63	0.1536251
72	64	0.1410891
72	65	0.1330012
72	66	0.1304688
72	67	0.1304845
72	68	0.133085
72	69	0.1331269
72	70	0.1305203
72	71	0.1290632
73	0	0.1290474
73	1	0.1363489
73	2	0.1363331
73	3	0.139272
73	4	0.1385183
73	5	0.138534
73	6	0.1515622
73	7	0.1515907
73	8	0.1373355
73	9	0.1373355
73	10	0.1430707
73	11	0.1430707
73	12	0.1531794
73	13	0.1531794
73	14	0.1367873
73	15	0.1368031
73	16	0.1367519
73	17	0.1367677
73	18	0.1507162
73	19	0.1507319
73	20	0.1289476
73	21	0.1289476
73	22	0.1281429
73	23	0.1281586
73	24	0.1282771
73	25	0.1293424
73	26	0.1358732
73	27	0.1331912
73	28	0.1331754
73	29	0.1282002
73	30	0.1282159
73	31	0.1531794
73	32	0.1512353
73	33	0.1512511
73	34	0.1353206
73	35	0.1334494
73	36	0.1334494
73	37	0.1353363
73	38	0.1397747
73	39	0.1585024
73	40	0.1289918
73	41	0.1289918
73	42	0.129017
73	43	0.1299923
73	44	0.1320921
73	45	0.1320763
73	46	0.1336894
73	47	0.1336894
73	48	0.1328654
73	49	0.1316319
73	50	0.1316319
73	51	0.1338461
73	52	0.134488
73	53	0.1354044
73	54	0.1364843
73	55	0.1309751
73	56	0.1309751
73	57	0.1451877
73	58	0.1451877
73	59	0.1585024
73	60	0.1488012
73	61	0.1291014
73	62	0.1291014
73	63	0.1291278
73	64	0.1300504
73	65	0.1339038
73	66	0.1364527
73	67	0.1429459
73	68	0.1344435
73	69	0.1344435
73	70	0.1369942
73	71	0.1488012
73	72	0.1570701
74	0	0.1570701
74	1	0.1570701
74	2	0.1451141
74	3	0.1380637
74	4	0.1380479
74	5	0.1469912
74	6	0.1343053
74	7	0.1342895
74	8	0.164622
74	9	0.164622
74	10	0.164622
74	11	0.164622
74	12	0.164622
74	13	0.164622
74	14	0.164622
74	15	0.164622
74	16	0.164622
74	17	0.164622
74	18	0.164622
74	19	0.155991
74	20	0.1412355
74	21	0.1412355
74	22	0.1487291
74	23	0.1431424
74	24	0.1431266
74	25	0.1344049
74	26	0.1301732
74	27	0.1301732
74	28	0.1314106
74	29	0.1351617
74	30	0.1422656
74	31	0.1572478
74	32	0.1478371
74	33	0.1478371
74	34	0.1505239
74	35	0.1408501
74	36	0.1408501
74	37	0.1552718
74	38	0.1626056
74	39	0.163236
74	40	0.1287893
74	41	0.1287736
74	42	0.1341903
74	43	0.1349725
74	44	0.1307689
74	45	0.1307689
74	46	0.1278604
74	47	0.1278604
74	48	0.1626249
74	49	0.1761407
74	50	0.1356322
74	51	0.1356322
74	52	0.1360824
74	53	0.1375207
74	54	0.1480834
74	55	0.1723384
74	56	0.1338146
74	57	0.1325601
74	58	0.1319023
74	59	0.1319023
74	60	0.1333706
74	61	0.1333706
74	62	0.1333985
74	63	0.1337919
74	64	0.1375438
74	65	0.134602
74	66	0.134602
74	67	0.1385506
74	68	0.1441523
74	69	0.139468
74	70	0.139468
74	71	0.1415814
74	72	0.1368731
74	73	0.1349081
75	0	0.1349081
75	1	0.1363058
75	2	0.1395974
75	3	0.1363726
75	4	0.1363726
75	5	0.1403708
75	6	0.12778
75	7	0.12778
75	8	0.150232
75	9	0.1499551
75	10	0.1499393
75	11	0.1499886
75	12	0.1444296
75	13	0.1407825
75	14	0.1407825
75	15	0.1558818
75	16	0.1391361
75	17	0.1391361
75	18	0.1634465
75	19	0.1634465
75	20	0.1634465
75	21	0.1634465
75	22	0.1329039
75	23	0.1329197
75	24	0.1348519
75	25	0.1348519
75	26	0.1327308
75	27	0.1303346
75	28	0.1303188
75	29	0.1305418
75	30	0.130866
75	31	0.1313364
75	32	0.1332579
75	33	0.1332579
75	34	0.1361966
75	35	0.1340843
75	36	0.1340843
75	37	0.1354552
75	38	0.1354394
75	39	0.1367096
75	40	0.152181
75	41	0.1274474
75	42	0.1274474
75	43	0.129905
75	44	0.136282
75	45	0.1413676
75	46	0.1418579
75	47	0.1420956
75	48	0.1370398
75	49	0.1370398
75	50	0.1351377
75	51	0.1351377
75	52	0.1352075
75	53	0.1358017
75	54	0.1357159
75	55	0.1298885
75	56	0.1275906
75	57	0.127567
75	58	0.127567
75	59	0.1286886
75	60	0.1283196
75	61	0.1283196
75	62	0.1297723
75	63	0.1297881
75	64	0.1311983
75	65	0.1460013
75	66	0.1491927
75	67	0.1491927
75	68	0.1491927
75	69	0.1491927
75	70	0.1491927
75	71	0.1491927
75	72	0.1491927
75	73	0.1491927
75	74	0.1311745
76	0	0.1287292
76	1	0.1287292
76	2	0.1301123
76	3	0.1284138
76	4	0.1284138
76	5	0.1284378
76	6	0.1321178
76	7	0.1335886
76	8	0.1335886
76	9	0.1371869
76	10	0.1335063
76	11	0.1335063
76	12	0.1335386
76	13	0.1335386
76	14	0.1279854
76	15	0.1279854
76	16	0.1315887
76	17	0.1316044
76	18	0.1365741
76	19	0.1365741
76	20	0.1416693
76	21	0.1416693
76	22	0.1319486
76	23	0.1319328
76	24	0.1322842
76	25	0.1322842
76	26	0.1461628
76	27	0.1461628
76	28	0.1461628
76	29	0.1461628
76	30	0.1461628
76	31	0.1461628
76	32	0.1461628
76	33	0.1461628
76	34	0.1461628
76	35	0.1354748
76	36	0.135091
76	37	0.1350473
76	38	0.1350473
76	39	0.1359063
76	40	0.1381818
76	41	0.1424494
76	42	0.148572
76	43	0.148572
76	44	0.163119
76	45	0.1566511
76	46	0.1364064
76	47	0.1364064
76	48	0.1343868
76	49	0.1307153
76	50	0.1302375
76	51	0.1302375
76	52	0.1304369
76	53	0.1318513
76	54	0.1358449
76	55	0.1358449
76	56	0.1317477
76	57	0.1317477
76	58	0.1324276
76	59	0.1324276
76	60	0.136655
76	61	0.1371265
76	62	0.1371423
76	63	0.1479842
76	64	0.1542504
76	65	0.1424173
76	66	0.1424173
76	67	0.1459175
76	68	0.1501522
76	69	0.1501522
76	70	0.1502047
76	71	0.1276618
76	72	0.127646
76	73	0.1566511
76	74	0.1650463
76	75	0.1650463
77	0	0.133052
77	1	0.1330362
77	2	0.1359799
77	3	0.1359799
77	4	0.1520429
77	5	0.1613677
77	6	0.1490548
77	7	0.1490706
77	8	0.1386863
77	9	0.136901
77	10	0.136901
77	11	0.1458809
77	12	0.183701
77	13	0.2078626
77	14	0.1776923
77	15	0.1776923
77	16	0.2302155
77	17	0.2302155
77	18	0.2302155
77	19	0.1821845
77	20	0.1821845
77	21	0.1815905
77	22	0.1815747
77	23	0.1748704
77	24	0.1748862
77	25	0.1848028
77	26	0.1819347
77	27	0.1733725
77	28	0.1727222
77	29	0.1727065
77	30	0.173456
77	31	0.1734718
77	32	0.175
77	33	0.174811
77	34	0.174811
77	35	0.177364
77	36	0.1753314
77	37	0.1753314
77	38	0.1780413
77	39	0.1727897
77	40	0.1727897
77	41	0.178874
77	42	0.178874
77	43	0.1803614
77	44	0.1812465
77	45	0.1812465
77	46	0.1787006
77	47	0.1787006
77	48	0.1986063
77	49	0.1765695
77	50	0.1746847
77	51	0.1742359
77	52	0.1739577
77	53	0.1739577
77	54	0.1796793
77	55	0.1796793
77	56	0.2344855
77	57	0.1749752
77	58	0.1749752
77	59	0.3148482
77	60	0.273795
77	61	0.2003375
77	62	0.2003375
77	63	0.1806556
77	64	0.1766095
77	65	0.1766253
77	66	0.1882799
77	67	0.1882799
77	68	0.1900838
77	69	0.1778249
77	70	0.1778249
77	71	0.2150533
77	72	0.1763712
77	73	0.1763712
77	74	0.2511175
77	75	0.1794251
77	76	0.1794251
78	0	0.1834691
78	1	0.1880982
78	2	0.1746587
78	3	0.1746587
78	4	0.17528
78	5	0.1810246
78	6	0.1810246
78	7	0.1891643
78	8	0.18918
78	9	0.1827623
78	10	0.1759759
78	11	0.1759759
78	12	0.1814278
78	13	0.182395
78	14	0.1868657
78	15	0.1756098
78	16	0.1756098
78	17	0.1781793
78	18	0.1813659
78	19	0.1809732
78	20	0.1777174
78	21	0.1770271
78	22	0.1742055
78	23	0.1741898
78	24	0.1855731
78	25	0.1868837
78	26	0.1991916
78	27	0.2811846
78	28	0.2122585
78	29	0.2122585
78	30	0.2244123
78	31	0.1759178
78	32	0.1759178
78	33	0.2540568
78	34	0.2034027
78	35	0.2033869
78	36	0.2334063
78	37	0.2487712
78	38	0.230507
78	39	0.2233207
78	40	0.2233207
78	41	0.2581086
78	42	0.4191143
78	43	0.4191143
78	44	0.5458044
78	45	0.3452339
78	46	0.3452339
78	47	0.3452339
78	48	0.3452339
78	49	0.3452339
78	50	0.3452339
78	51	0.2666123
78	52	0.2657914
78	53	0.2657914
78	54	0.2767027
78	55	0.2617038
78	56	0.2617038
78	57	0.2625208
78	58	0.2675484
78	59	0.2614729
78	60	0.2614571
78	61	0.2715898
78	62	0.2683314
78	63	0.2620063
78	64	0.262022
78	65	0.2612054
78	66	0.2612054
78	67	0.2645937
78	68	0.2645779
78	69	0.2646279
78	70	0.2688971
78	71	0.2731214
78	72	0.2731214
78	73	0.2762666
78	74	0.2762509
78	75	0.2810688
78	76	0.2708301
78	77	0.2708301
79	0	0.2712314
79	1	0.2777584
79	2	0.2777426
79	3	0.2817676
79	4	0.2799724
79	5	0.2635094
79	6	0.2635094
79	7	0.2842338
79	8	0.2854237
79	9	0.2876785
79	10	0.2740502
79	11	0.2740502
79	12	0.2758094
79	13	0.2983227
79	14	0.3735871
79	15	0.3764184
79	16	0.3946614
79	17	0.4190568
79	18	0.3732835
79	19	0.3122092
79	20	0.3121935
79	21	0.3255793
79	22	0.3361885
79	23	0.3732835
79	24	0.4686273
79	25	0.4686273
79	26	0.5047401
79	27	0.5017112
79	28	0.4087227
79	29	0.4087227
79	30	0.4741765
79	31	0.2710914
79	32	0.2710757
79	33	0.2758951
79	34	0.2758794
79	35	0.3026772
79	36	0.3089596
79	37	0.3115201
79	38	0.3137998
79	39	0.323903
79	40	0.3072204
79	41	0.3072204
79	42	0.3951725
79	43	0.3871818
79	44	0.3255382
79	45	0.3042553
79	46	0.3042553
79	47	0.4624607
79	48	0.4624607
79	49	0.5062357
79	50	0.490855
79	51	0.490855
79	52	0.490855
79	53	0.4310924
79	54	0.4311081
79	55	0.3926602
79	56	0.3926602
79	57	0.3936326
79	58	0.3438267
79	59	0.3438267
79	60	0.3582377
79	61	0.276491
79	62	0.276491
79	63	0.3843475
79	64	0.3680914
79	65	0.3680914
79	66	0.4637715
79	67	0.3641157
79	68	0.3641157
79	69	0.3879452
79	70	0.3914088
79	71	0.3914088
79	72	0.4635265
79	73	0.4344303
79	74	0.4344303
79	75	0.4344303
79	76	0.4344303
79	77	0.4344303
79	78	0.4344303
80	0	0.4344303
80	1	0.4344303
80	2	0.3499601
80	3	0.3499759
80	4	0.3751739
80	5	0.2729203
80	6	0.2729203
80	7	0.258547
80	8	0.2585313
80	9	0.3369858
80	10	0.3370015
80	11	0.3687796
80	12	0.3805052
80	13	0.4009545
80	14	0.3185387
80	15	0.3185387
80	16	0.2641366
80	17	0.2641366
80	18	0.2766393
80	19	0.28418
80	20	0.3234572
80	21	0.3324732
80	22	0.3424969
80	23	0.3424969
80	24	0.3416593
80	25	0.3416593
80	26	0.4291933
80	27	0.4939535
80	28	0.5332335
80	29	0.4373319
80	30	0.4373319
80	31	0.4373319
80	32	0.4373319
80	33	0.4373319
80	34	0.4373319
80	35	0.4373319
80	36	0.4373319
80	37	0.4373319
80	38	0.3126011
80	39	0.3125854
80	40	0.3671444
80	41	0.3829007
80	42	0.3628062
80	43	0.3628062
80	44	0.3095691
80	45	0.287107
80	46	0.2866372
80	47	0.2866372
80	48	0.2869289
80	49	0.3060616
80	50	0.3060616
80	51	0.3095226
80	52	0.3854862
80	53	0.3925416
80	54	0.311403
80	55	0.311403
80	56	0.4270278
80	57	0.4270278
80	58	0.4915607
80	59	0.4915765
80	60	0.5234653
80	61	0.5234811
80	62	0.5110311
80	63	0.4762382
80	64	0.4762224
80	65	0.5383152
80	66	0.391485
80	67	0.391485
80	68	0.5557637
80	69	0.5568078
80	70	0.4679024
80	71	0.4679024
80	72	0.6488458
80	73	0.5750552
80	74	0.5750552
80	75	0.5750552
80	76	0.5750552
80	77	0.5750552
80	78	0.5750552
80	79	0.5750552
81	0	0.5750552
81	1	0.5750552
81	2	0.4773461
81	3	0.4562333
81	4	0.4562517
81	5	0.4571999
81	6	0.4571841
81	7	0.5003463
81	8	0.5129626
81	9	0.5244812
81	10	0.5244906
81	11	0.4423619
81	12	0.4397862
81	13	0.4397862
81	14	0.4510113
81	15	0.4525212
81	16	0.4735281
81	17	0.4326483
81	18	0.4326326
81	19	0.4343341
81	20	0.4349942
81	21	0.4696406
81	22	0.475291
81	23	0.4832663
81	24	0.4684294
81	25	0.4684137
81	26	0.4764389
81	27	0.4557835
81	28	0.4466564
81	29	0.4466407
81	30	0.4505306
81	31	0.4634652
81	32	0.5033683
81	33	0.5060645
81	34	0.5083681
81	35	0.5098099
81	36	0.4745613
81	37	0.4745613
81	38	0.4790379
81	39	0.4405438
81	40	0.4405438
81	41	0.4677172
81	42	0.5154141
81	43	0.5154141
81	44	0.5313631
81	45	0.4688163
81	46	0.4688321
81	47	0.496439
81	48	0.4567911
81	49	0.428759
81	50	0.428759
81	51	0.5177052
81	52	0.5177209
81	53	0.4254616
81	54	0.4254616
81	55	0.5380328
81	56	0.5128265
81	57	0.5128265
81	58	0.5064005
81	59	0.5064005
81	60	0.4636053
81	61	0.4636053
81	62	0.5031798
81	63	0.5031798
81	64	0.5417725
81	65	0.4892818
81	66	0.4463293
81	67	0.4463293
81	68	0.5338438
81	69	0.5338596
81	70	0.5499478
81	71	0.4938284
81	72	0.4938284
81	73	0.4729478
81	74	0.4729478
81	75	0.4752729
81	76	0.4574176
81	77	0.4574333
81	78	0.4574741
81	79	0.4767681
81	80	0.485816
82	0	0.4914607
82	1	0.4982335
82	2	0.5002817
82	3	0.4943047
82	4	0.4943204
82	5	0.5007074
82	6	0.5112497
82	7	0.5007907
82	8	0.5007907
82	9	0.4940731
82	10	0.4751143
82	11	0.4751143
82	12	0.4895863
82	13	0.518622
82	14	0.5186062
82	15	0.5191716
82	16	0.5272907
82	17	0.5409334
82	18	0.5020175
82	19	0.5020175
82	20	0.5750552
82	21	0.5429157
82	22	0.5429157
82	23	0.5429157
82	24	0.5429157
82	25	0.5242621
82	26	0.5233746
82	27	0.5233599
82	28	0.6183799
82	29	0.6260077
82	30	0.6260077
82	31	0.6260077
82	32	0.6260077
82	33	0.5549907
82	34	0.5550042
82	35	0.5359459
82	36	0.531983
82	37	0.531983
82	38	0.543485
82	39	0.4976976
82	40	0.4976976
82	41	0.5058361
82	42	0.5493234
82	43	0.5493234
82	44	0.5570662
82	45	0.5673047
82	46	0.5760092
82	47	0.5542314
82	48	0.5542314
82	49	0.5896842
82	50	0.4854626
82	51	0.4749031
82	52	0.4749031
82	53	0.4943589
82	54	0.5490917
82	55	0.530115
82	56	0.4666231
82	57	0.4440238
82	58	0.4440238
82	59	0.4462911
82	60	0.4438139
82	61	0.4438139
82	62	0.4542271
82	63	0.4551993
82	64	0.4596877
82	65	0.5061803
82	66	0.4878661
82	67	0.4680527
82	68	0.4680527
82	69	0.4690222
82	70	0.4690222
82	71	0.5316933
82	72	0.5370861
82	73	0.5322611
82	74	0.5322611
82	75	0.521014
82	76	0.5041424
82	77	0.4667402
82	78	0.4667402
82	79	0.5177879
82	80	0.5201922
82	81	0.4464624
83	0	0.4464624
83	1	0.517459
83	2	0.517459
83	3	0.4673536
83	4	0.4673536
83	5	0.5087935
83	6	0.5088117
83	7	0.5036025
83	8	0.5035867
83	9	0.5113705
83	10	0.4820772
83	11	0.4820929
83	12	0.5510579
83	13	0.5510579
83	14	0.4481222
83	15	0.4481222
83	16	0.5326701
83	17	0.5326701
83	18	0.5326701
83	19	0.5027534
83	20	0.5005646
83	21	0.5005646
83	22	0.4665052
83	23	0.4665052
83	24	0.4549161
83	25	0.4549161
83	26	0.4842879
83	27	0.4842879
83	28	0.4859725
83	29	0.4885595
83	30	0.4912979
83	31	0.4912979
83	32	0.4813934
83	33	0.4589432
83	34	0.4589589
83	35	0.4490477
83	36	0.4490319
83	37	0.4494307
83	38	0.449415
83	39	0.4568993
83	40	0.4580609
83	41	0.5119873
83	42	0.5454414
83	43	0.4608228
83	44	0.4608228
83	45	0.5067989
83	46	0.5486202
83	47	0.5522214
83	48	0.4739465
83	49	0.4739465
83	50	0.4961066
83	51	0.4961066
83	52	0.4592227
83	53	0.459207
83	54	0.4610429
83	55	0.5181586
83	56	0.5517907
83	57	0.5517749
83	58	0.5321753
83	59	0.5321753
83	60	0.5178809
83	61	0.5178967
83	62	0.5195148
83	63	0.4341786
83	64	0.4341628
83	65	0.4505529
83	66	0.4592424
83	67	0.4740305
83	68	0.4317534
83	69	0.4317377
83	70	0.5026361
83	71	0.513317
83	72	0.513317
83	73	0.5176096
83	74	0.5176096
83	75	0.5273372
83	76	0.5162394
83	77	0.5162394
83	78	0.5152033
83	79	0.5152033
83	80	0.512624
83	81	0.512624
83	82	0.4595031
84	0	0.4595142
84	1	0.5462297
84	2	0.5270776
84	3	0.5270776
84	4	0.5198828
84	5	0.5198828
84	6	0.5309824
84	7	0.5309824
84	8	0.5558068
84	9	0.5422619
84	10	0.5422619
84	11	0.5566184
84	12	0.5093172
84	13	0.4713399
84	14	0.4713241
84	15	0.6512584
84	16	0.5065949
84	17	0.4442065
84	18	0.4442065
84	19	0.4547734
84	20	0.4547734
84	21	0.490077
84	22	0.4901263
84	23	0.4831122
84	24	0.4831122
84	25	0.500454
84	26	0.5182243
84	27	0.5179671
84	28	0.5179565
84	29	0.4461851
84	30	0.4461851
84	31	0.4646087
84	32	0.5277141
84	33	0.4757459
84	34	0.4757617
84	35	0.4875719
84	36	0.4674751
84	37	0.4674582
84	38	0.5259797
84	39	0.6159073
84	40	0.6159073
84	41	0.6071877
84	42	0.540062
84	43	0.5251092
84	44	0.5251092
84	45	0.5539754
84	46	0.5091427
84	47	0.4819281
84	48	0.4819281
84	49	0.492381
84	50	0.4736537
84	51	0.4736537
84	52	0.4989642
84	53	0.5215067
84	54	0.4913986
84	55	0.4913986
84	56	0.5511219
84	57	0.5307199
84	58	0.4748072
84	59	0.4748072
84	60	0.4738498
84	61	0.4738498
84	62	0.5432028
84	63	0.5443026
84	64	0.5570341
84	65	0.5570341
84	66	0.5091057
84	67	0.5091057
84	68	0.5091057
84	69	0.4504299
84	70	0.440579
84	71	0.4364637
84	72	0.4364637
84	73	0.4387977
84	74	0.433565
84	75	0.4302967
84	76	0.4302967
84	77	0.4482576
84	78	0.4482576
84	79	0.477185
84	80	0.4885341
84	81	0.4885184
84	82	0.4938766
84	83	0.4959099
85	0	0.4959099
85	1	0.455153
85	2	0.455153
85	3	0.4780691
85	4	0.4928942
85	5	0.4928942
85	6	0.4657655
85	7	0.4632108
85	8	0.4632265
85	9	0.4540172
85	10	0.4454069
85	11	0.4454162
85	12	0.4515555
85	13	0.462877
85	14	0.4669219
85	15	0.4587778
85	16	0.458762
85	17	0.4474031
85	18	0.4439556
85	19	0.4395972
85	20	0.4310337
85	21	0.4310337
85	22	0.4620576
85	23	0.4620576
85	24	0.4676145
85	25	0.46345
85	26	0.4577548
85	27	0.4577391
85	28	0.4663885
85	29	0.4891879
85	30	0.4744951
85	31	0.4744951
85	32	0.4821172
85	33	0.511936
85	34	0.511936
85	35	0.4889749
85	36	0.4889591
85	37	0.5425221
85	38	0.5405892
85	39	0.5405892
85	40	0.4397168
85	41	0.4397006
85	42	0.4583194
85	43	0.566386
85	44	0.5156548
85	45	0.5156548
85	46	0.5156548
85	47	0.5156548
85	48	0.5156548
85	49	0.5156548
85	50	0.5156548
85	51	0.5156548
85	52	0.5156548
85	53	0.5156548
85	54	0.5156548
85	55	0.5156548
85	56	0.5156548
85	57	0.5156548
85	58	0.4633421
85	59	0.4503689
85	60	0.4503689
85	61	0.4441663
85	62	0.4441663
85	63	0.431944
85	64	0.431944
85	65	0.4545117
85	66	0.4539979
85	67	0.4521547
85	68	0.4578317
85	69	0.4625143
85	70	0.460362
85	71	0.460362
85	72	0.4611306
85	73	0.44571
85	74	0.443297
85	75	0.443297
85	76	0.461171
85	77	0.4652002
85	78	0.4868341
85	79	0.4622051
85	80	0.4596377
85	81	0.4596377
85	82	0.4844269
85	83	0.4853368
85	84	0.4890758
86	0	0.4890758
86	1	0.5087054
86	2	0.4967909
86	3	0.4746918
86	4	0.4746722
86	5	0.4989459
86	6	0.4816576
86	7	0.4798824
86	8	0.4798666
86	9	0.4904639
86	10	0.5448903
86	11	0.5045974
86	12	0.5045974
86	13	0.5045974
86	14	0.5185418
86	15	0.5185418
86	16	0.4526169
86	17	0.4526169
86	18	0.5481211
86	19	0.5257722
86	20	0.517245
86	21	0.517245
86	22	0.5213002
86	23	0.5230877
86	24	0.5032823
86	25	0.5032823
86	26	0.528828
86	27	0.5320748
86	28	0.5301975
86	29	0.5301975
86	30	0.5089979
86	31	0.5089979
86	32	0.5096322
86	33	0.509648
86	34	0.4849209
86	35	0.4849209
86	36	0.5260387
86	37	0.5260387
86	38	0.5441469
86	39	0.5244117
86	40	0.5244117
86	41	0.5369377
86	42	0.4719665
86	43	0.4719665
86	44	0.4832757
86	45	0.4929387
86	46	0.4772263
86	47	0.4772263
86	48	0.4906255
86	49	0.5042011
86	50	0.5101698
86	51	0.5170912
86	52	0.46126
86	53	0.46126
86	54	0.4991562
86	55	0.4991562
86	56	0.5039794
86	57	0.5226829
86	58	0.4748528
86	59	0.4748528
86	60	0.4675197
86	61	0.4675197
86	62	0.4812426
86	63	0.4847519
86	64	0.4928175
86	65	0.5226829
86	66	0.5705444
86	67	0.7032068
86	68	0.505445
86	69	0.4727724
86	70	0.4727882
86	71	0.5232205
86	72	0.5232205
86	73	0.5016389
86	74	0.4753344
86	75	0.4753344
86	76	0.4917207
86	77	0.4811284
86	78	0.4811442
86	79	0.4972111
86	80	0.5232205
86	81	0.5403129
86	82	0.5403129
86	83	0.4973922
86	84	0.4973745
86	85	0.4852039
87	0	0.4851916
87	1	0.4937042
87	2	0.4970794
87	3	0.4845798
87	4	0.4845798
87	5	0.543929
87	6	0.543929
87	7	0.543929
87	8	0.543929
87	9	0.523841
87	10	0.4932463
87	11	0.4760188
87	12	0.4760188
87	13	0.4863505
87	14	0.4944477
87	15	0.4872749
87	16	0.4872749
87	17	0.5438698
87	18	0.5278102
87	19	0.5179277
87	20	0.5179277
87	21	0.4910416
87	22	0.4910573
87	23	0.5129095
87	24	0.5221041
87	25	0.5221041
87	26	0.526698
87	27	0.5197534
87	28	0.5197534
87	29	0.5313333
87	30	0.5044774
87	31	0.5044774
87	32	0.5193621
87	33	0.5193621
87	34	0.5245402
87	35	0.5264492
87	36	0.5304638
87	37	0.5304638
87	38	0.5426098
87	39	0.4916407
87	40	0.4346881
87	41	0.4346724
87	42	0.4612937
87	43	0.4613094
87	44	0.4916767
87	45	0.5145667
87	46	0.5426098
87	47	0.4957643
87	48	0.4957643
87	49	0.554638
87	50	0.5275737
87	51	0.5083197
87	52	0.5083039
87	53	0.5090423
87	54	0.4407676
87	55	0.4407676
87	56	0.4305799
87	57	0.4305799
87	58	0.434062
87	59	0.4333471
87	60	0.4333629
87	61	0.4477825
87	62	0.507764
87	63	0.4511209
87	64	0.4510461
87	65	0.4510461
87	66	0.466086
87	67	0.4559037
87	68	0.4559037
87	69	0.4951236
87	70	0.5726807
87	71	0.6401271
87	72	0.529556
87	73	0.529556
87	74	0.6234355
87	75	0.6800416
87	76	0.6984761
87	77	0.6984919
87	78	0.8800841
87	79	0.8800841
87	80	0.8893706
87	81	0.8314029
87	82	0.8314029
87	83	0.8093478
87	84	0.6762082
87	85	0.589805
87	86	0.5898207
88	0	0.6129082
88	1	0.6181169
88	2	0.6488262
88	3	0.6080587
88	4	0.608043
88	5	0.6142088
88	6	0.6901911
88	7	0.6901911
88	8	0.7397728
88	9	0.669442
88	10	0.6694262
88	11	0.588049
88	12	0.5880648
88	13	0.6449233
88	14	0.6449233
88	15	0.6286236
88	16	0.6286236
88	17	0.7363489
88	18	0.7363331
88	19	0.7372578
88	20	0.7372578
88	21	0.7449441
88	22	0.7474615
88	23	0.8073927
88	24	0.6737465
88	25	0.62593
88	26	0.62593
88	27	0.8264298
88	28	0.8345481
88	29	0.8676441
88	30	0.8676441
88	31	0.8676441
88	32	0.7733572
88	33	0.723174
88	34	0.723174
88	35	0.763196
88	36	0.6019238
88	37	0.6019238
88	38	0.7243752
88	39	0.7628548
88	40	0.816462
88	41	0.8287657
88	42	0.6741528
88	43	0.6741528
88	44	0.6841365
88	45	0.7036625
88	46	0.9041436
88	47	0.8857854
88	48	0.8857854
88	49	0.8857854
88	50	0.8857854
88	51	0.8857854
88	52	0.8857854
88	53	0.8857854
88	54	0.8857854
88	55	0.7806348
88	56	0.7806506
88	57	0.780779
88	58	0.7807948
88	59	0.7858235
88	60	0.7952474
88	61	0.799715
88	62	0.8028132
88	63	0.8091307
88	64	0.8091307
88	65	0.810142
88	66	0.811133
88	67	0.799462
88	68	0.7769439
88	69	0.7769439
88	70	0.7889447
88	71	0.7929187
88	72	0.7929187
88	73	0.7976018
88	74	0.7949092
88	75	0.7949092
88	76	0.7970347
88	77	0.7970347
88	78	0.8208831
88	79	0.7804108
88	80	0.7804108
88	81	0.8287272
88	82	0.838026
88	83	0.8056428
88	84	0.7927494
88	85	0.7927494
88	86	0.8056271
88	87	0.7839843
89	0	0.7839843
89	1	0.8115118
89	2	0.8011493
89	3	0.8011493
89	4	0.8177134
89	5	0.7743257
89	6	0.7743257
89	7	0.7785835
89	8	0.771083
89	9	0.771083
89	10	0.7732029
89	11	0.7804352
89	12	0.7810836
89	13	0.7794905
89	14	0.7794905
89	15	0.7664454
89	16	0.7664454
89	17	0.7697722
89	18	0.7876806
89	19	0.8260966
89	20	0.8299063
89	21	0.8190562
89	22	0.8190562
89	23	0.8019138
89	24	0.8019138
89	25	0.8445328
89	26	0.8414789
89	27	0.8289436
89	28	0.8289436
89	29	0.8483832
89	30	0.817739
89	31	0.817739
89	32	0.7847403
89	33	0.7847403
89	34	0.8324743
89	35	0.8324743
89	36	0.7820556
89	37	0.7820556
89	38	0.783851
89	39	0.8227156
89	40	0.8021525
89	41	0.8021367
89	42	0.8203208
89	43	0.7955432
89	44	0.7811146
89	45	0.7811146
89	46	0.7986698
89	47	0.7923472
89	48	0.7923472
89	49	0.7737673
89	50	0.7737673
89	51	0.847186
89	52	0.8783301
89	53	0.8783301
89	54	0.846168
89	55	0.8461838
89	56	0.7822387
89	57	0.7822387
89	58	0.7790123
89	59	0.7602855
89	60	0.7602697
89	61	0.7603305
89	62	0.7485529
89	63	0.7485687
89	64	0.8053809
89	65	0.8045807
89	66	0.7975683
89	67	0.7780103
89	68	0.7780103
89	69	0.79331
89	70	0.810495
89	71	0.7658705
89	72	0.7658705
89	73	0.7610135
89	74	0.7610293
89	75	0.8774277
89	76	0.8460913
89	77	0.8460913
89	78	0.7946764
89	79	0.7700867
89	80	0.7594693
89	81	0.7594693
89	82	0.8400083
89	83	0.8801551
89	84	0.8567738
89	85	0.8054584
89	86	0.8054584
89	87	0.8088631
89	88	0.8088631
90	0	0.8228956
90	1	0.8311424
90	2	0.8236572
90	3	0.8236572
90	4	0.8694284
90	5	0.8694284
90	6	0.8694284
90	7	0.8694284
90	8	0.8694284
90	9	0.8694284
90	10	0.8694284
90	11	0.8694284
90	12	0.8694284
90	13	0.8694284
90	14	0.8694284
90	15	0.8694284
90	16	0.8694284
90	17	0.8694284
90	18	0.8694284
90	19	0.8694284
90	20	0.8694284
90	21	0.8694284
90	22	0.8694284
90	23	0.8694284
90	24	0.8694284
90	25	0.8694284
90	26	0.8694284
90	27	0.8694284
90	28	0.8694284
90	29	0.8224068
90	30	0.7996896
90	31	0.769926
90	32	0.7699418
90	33	0.7675991
90	34	0.7675991
90	35	0.7682308
90	36	0.7768027
90	37	0.7768027
90	38	0.7640299
90	39	0.7640299
90	40	0.7964073
90	41	0.7985459
90	42	0.7695839
90	43	0.7695839
90	44	0.7565657
90	45	0.7565657
90	46	0.7620892
90	47	0.7702029
90	48	0.7687965
90	49	0.7688123
90	50	0.7605712
90	51	0.7605555
90	52	0.7738202
90	53	0.7738044
90	54	0.7738559
90	55	0.7816426
90	56	0.7816426
90	57	0.7655274
90	58	0.7655274
90	59	0.7836295
90	60	0.7729658
90	61	0.7729658
90	62	0.8263783
90	63	0.7777872
90	64	0.7777872
90	65	0.7785623
90	66	0.7802533
90	67	0.7821216
90	68	0.7821058
90	69	0.782789
90	70	0.782789
90	71	0.7665566
90	72	0.7665566
90	73	0.7692134
90	74	0.767133
90	75	0.767133
90	76	0.7923778
90	77	0.7923224
90	78	0.7875302
90	79	0.7849436
90	80	0.7845236
90	81	0.7731739
90	82	0.7731739
90	83	0.790976
90	84	0.7906741
90	85	0.7906899
90	86	0.7952884
90	87	0.7639538
90	88	0.7639538
90	89	0.8046595
91	0	0.7956232
91	1	0.7812669
91	2	0.7812669
91	3	0.7912413
91	4	0.7912571
91	5	0.8270118
91	6	0.8270118
91	7	0.8338382
91	8	0.7936332
91	9	0.7936332
91	10	0.7937941
91	11	0.7937784
91	12	0.759666
91	13	0.7558148
91	14	0.753194
91	15	0.7531782
91	16	0.7649754
91	17	0.769551
91	18	0.7741036
91	19	0.7625908
91	20	0.7625908
91	21	0.7558948
91	22	0.7559106
91	23	0.7609843
91	24	0.7941037
91	25	0.7941522
91	26	0.7952124
91	27	0.7960612
91	28	0.7739494
91	29	0.7672355
91	30	0.7475948
91	31	0.7475948
91	32	0.7791504
91	33	0.7630777
91	34	0.7630777
91	35	0.7596396
91	36	0.7596396
91	37	0.7856612
91	38	0.8218257
91	39	0.7989841
91	40	0.7989841
91	41	0.7776415
91	42	0.7776415
91	43	0.7779292
91	44	0.7779292
91	45	0.7836083
91	46	0.7837502
91	47	0.8416554
91	48	0.8242477
91	49	0.8022849
91	50	0.8022849
91	51	0.8280838
91	52	0.8018308
91	53	0.8018308
91	54	0.7944625
91	55	0.7844357
91	56	0.7844357
91	57	0.8668984
91	58	0.8694284
91	59	0.8709576
91	60	0.8709418
91	61	0.8913381
91	62	0.8913838
91	63	0.8562269
91	64	0.8018879
91	65	0.7591558
91	66	0.7591558
91	67	0.7861027
91	68	0.7900945
91	69	0.7985667
91	70	0.7985825
91	71	0.8119443
91	72	0.8119443
91	73	0.814368
91	74	0.8163601
91	75	0.8180546
91	76	0.791994
91	77	0.7919782
91	78	0.8418962
91	79	0.84755
91	80	0.84755
91	81	0.8584009
91	82	0.8610087
91	83	0.8641235
91	84	0.8641472
91	85	0.8641235
91	86	0.8042868
91	87	0.7818866
91	88	0.773252
91	89	0.773252
91	90	0.7650438
92	0	0.7650596
92	1	0.7819658
92	2	0.7886455
92	3	0.8157346
92	4	0.8157346
92	5	0.8286826
92	6	0.7817833
92	7	0.7817833
92	8	0.800145
92	9	0.825866
92	10	0.8764509
92	11	0.8764666
92	12	0.8671819
92	13	0.8118504
92	14	0.8118504
92	15	0.8234572
92	16	0.8234572
92	17	0.8313662
92	18	0.7899955
92	19	0.7899955
92	20	0.8569918
92	21	0.8768939
92	22	0.8239787
92	23	0.8239787
92	24	0.7944996
92	25	0.7944996
92	26	0.7941274
92	27	0.7941274
92	28	0.8092263
92	29	0.8194952
92	30	0.8341793
92	31	0.8095015
92	32	0.8095015
92	33	0.8524592
92	34	0.8678299
92	35	0.7948631
92	36	0.7948631
92	37	0.8240216
92	38	0.8240374
92	39	0.8477407
92	40	0.8477407
92	41	0.8673953
92	42	0.7830126
92	43	0.7829969
92	44	0.8777272
92	45	0.8805725
92	46	0.8805725
92	47	0.8863776
92	48	0.7981615
92	49	0.7981615
92	50	0.8669669
92	51	0.8782799
92	52	0.8273676
92	53	0.8273676
92	54	0.7921668
92	55	0.7921668
92	56	0.8073215
92	57	0.8366294
92	58	0.8490258
92	59	0.8291799
92	60	0.8291956
92	61	0.8734373
92	62	0.8794598
92	63	0.8927079
92	64	0.8691895
92	65	0.8691895
92	66	0.8802274
92	67	0.8429466
92	68	0.8429466
92	69	0.9046935
92	70	0.9046935
92	71	0.8981433
92	72	0.8981433
92	73	0.9013616
92	74	0.8763957
92	75	0.8763957
92	76	0.8807936
92	77	0.9037557
92	78	0.9033021
92	79	0.8726247
92	80	0.8686061
92	81	0.8686061
92	82	0.8772877
92	83	0.9038013
92	84	0.849364
92	85	0.849364
92	86	0.9001286
92	87	0.8661806
92	88	0.8661806
92	89	0.8570186
92	90	0.8570186
92	91	0.8893175
93	0	0.8532778
93	1	0.8532778
93	2	0.8804139
93	3	0.8745026
93	4	0.8172375
93	5	0.8172375
93	6	0.8925529
93	7	0.84394
93	8	0.84394
93	9	0.8446282
93	10	0.8152866
93	11	0.8152866
93	12	0.8650658
93	13	0.8650658
93	14	0.8667746
93	15	0.8870493
93	16	0.8595881
93	17	0.8491408
93	18	0.8477803
93	19	0.8477803
93	20	0.8420585
93	21	0.8420742
93	22	0.7968428
93	23	0.7968428
93	24	0.8643812
93	25	0.8643812
93	26	0.8647856
93	27	0.8600878
93	28	0.8600878
93	29	0.8826656
93	30	0.8330189
93	31	0.8330189
93	32	0.9053446
93	33	0.8354963
93	34	0.8354963
93	35	0.8860161
93	36	0.8860161
93	37	0.7835337
93	38	0.7788465
93	39	0.776907
93	40	0.776907
93	41	0.7703327
93	42	0.7703327
93	43	0.7787643
93	44	0.7888728
93	45	0.7886709
93	46	0.7886866
93	47	0.8351342
93	48	0.9018288
93	49	0.903411
93	50	0.8606807
93	51	0.8606964
93	52	0.8602847
93	53	0.8602847
93	54	0.8969834
93	55	0.8969834
93	56	0.9052246
93	57	0.9062499
93	58	0.90344
93	59	0.90344
93	60	0.9050916
93	61	0.8921312
93	62	0.8921312
93	63	0.9310689
93	64	0.9310689
93	65	0.9292614
93	66	0.9292614
93	67	0.9255487
93	68	0.9255487
93	69	0.9267134
93	70	0.9269007
93	71	0.9280967
93	72	0.9284694
93	73	0.9297923
93	74	0.9298081
93	75	0.9275631
93	76	0.9275631
93	77	0.9245077
93	78	0.9245077
93	79	0.926234
93	80	0.9329256
93	81	0.9329256
93	82	0.9759217
93	83	0.9759217
93	84	0.9759217
93	85	0.9759217
93	86	0.9742717
93	87	0.9706678
93	88	0.9706521
93	89	0.9707638
93	90	0.9707638
93	91	0.9636292
93	92	0.9636292
94	0	0.9636055
94	1	0.959001
94	2	0.952944
94	3	0.9529282
94	4	0.9599294
94	5	0.964331
94	6	0.964331
94	7	0.9707165
94	8	0.9707165
94	9	0.9726595
94	10	0.956039
94	11	0.956039
94	12	0.956039
94	13	0.9625064
94	14	0.9667998
94	15	0.9667998
94	16	0.9667998
94	17	0.9667683
94	18	0.9671728
94	19	0.9671728
94	20	0.9671728
94	21	0.9765339
94	22	0.9765339
94	23	0.981473
94	24	0.981473
94	25	0.9814493
94	26	0.9634905
94	27	0.9634748
94	28	0.9739232
94	29	0.9834282
94	30	0.9834282
94	31	0.9834282
94	32	0.9834282
94	33	0.9723301
94	34	0.9723301
94	35	0.9812782
94	36	0.9805218
94	37	0.9718116
94	38	0.9717958
94	39	0.9805867
94	40	0.9805867
94	41	0.9805867
94	42	0.9685056
94	43	0.9685056
94	44	0.9864444
94	45	0.9864444
94	46	0.9864207
94	47	0.9850468
94	48	0.9850468
94	49	0.9941253
94	50	0.9832184
94	51	0.9697562
94	52	0.9697562
94	53	0.9910381
94	54	0.9910381
94	55	0.9932427
94	56	0.9943627
94	57	0.9943627
94	58	0.9944022
94	59	0.9940316
94	60	0.9940316
94	61	0.9944022
94	62	0.9944022
94	63	0.999232
94	64	0.999232
94	65	0.999232
94	66	0.999232
94	67	0.999232
94	68	0.9145317
94	69	0.9145317
94	70	0.9145317
94	71	0.9145317
94	72	0.9145317
94	73	0.9145317
94	74	0.9145317
94	75	0.9145317
94	76	0.9145317
94	77	0.9145317
94	78	0.9145317
94	79	0.001311
94	80	0.0325205
94	81	0.0325205
94	82	0.0325205
94	83	0.0325205
94	84	0.0325205
94	85	0.0325205
94	86	0.0325205
94	87	0.0325205
94	88	0.0325205
94	89	0.0325205
94	90	0.0325205
94	91	0.0325205
94	92	0.0325205
94	93	0.0325205
95	0	0.0325205
95	1	0.0325205
95	2	0.0325205
95	3	0.0325205
95	4	0.0325205
95	5	0.0325205
95	6	0.0325205
95	7	0.0325205
95	8	0.0325205
95	9	0.0325205
95	10	0.0325205
95	11	0.0325205
95	12	0.0325205
95	13	0.0325205
95	14	0.0325205
95	15	0.0325205
95	16	0.0325205
95	17	0.0325205
95	18	0.0325205
95	19	0.0325205
95	20	0.0325205
95	21	0.0325205
95	22	0.0325205
95	23	0.0325205
95	24	0.0325205
95	25	0.0273066
95	26	0.0269974
95	27	0.0267365
95	28	0.0267365
95	29	0.0269282
95	30	0.0259562
95	31	0.0259562
95	32	0.0265182
95	33	0.0265025
95	34	0.0256653
95	35	0.0253095
95	36	0.0252938
95	37	0.0254241
95	38	0.0271936
95	39	0.0272909
95	40	0.027472
95	41	0.0274878
95	42	0.0277506
95	43	0.0277506
95	44	0.0286803
95	45	0.0278566
95	46	0.0266055
95	47	0.0266213
95	48	0.0288503
95	49	0.0274397
95	50	0.0274239
95	51	0.0271128
95	52	0.0271286
95	53	0.0279839
95	54	0.026384
95	55	0.0263683
95	56	0.0267853
95	57	0.0267853
95	58	0.0271763
95	59	0.027029
95	60	0.0270132
95	61	0.0273908
95	62	0.0260452
95	63	0.0260295
95	64	0.0267601
95	65	0.0270553
95	66	0.0270553
95	67	0.0276889
95	68	0.0282877
95	69	0.0284657
95	70	0.0278931
95	71	0.0279089
95	72	0.0266478
95	73	0.0261892
95	74	0.0261892
95	75	0.028525
95	76	0.0273255
95	77	0.0273412
95	78	0.0291218
95	79	0.0287449
95	80	0.0271522
95	81	0.0271522
95	82	0.0274066
95	83	0.028543
95	84	0.0288934
95	85	0.0285667
95	86	0.0285667
95	87	0.0284296
95	88	0.0284453
95	89	0.0294437
95	90	0.0262535
95	91	0.0262535
95	92	0.0274555
95	93	0.0276666
95	94	0.0270876
96	0	0.0270876
96	1	0.0277981
96	2	0.0280312
96	3	0.0291468
96	4	0.0272416
96	5	0.0272574
96	6	0.0294895
96	7	0.0293602
96	8	0.0277047
96	9	0.0277204
96	10	0.0289537
96	11	0.0286307
96	12	0.028499
96	13	0.028499
96	14	0.0288745
96	15	0.0272093
96	16	0.0272251
96	17	0.0280635
96	18	0.0280477
96	19	0.0282179
96	20	0.0282179
96	21	0.0286138
96	22	0.0295352
96	23	0.0257864
96	24	0.0255062
96	25	0.0255062
96	26	0.0258391
96	27	0.0257691
96	28	0.0257533
96	29	0.0281758
96	30	0.0280792
96	31	0.0276316
96	32	0.0276474
96	33	0.0265679
96	34	0.0265836
96	35	0.0261175
96	36	0.0261018
96	37	0.0283454
96	38	0.0283611
96	39	0.0279346
96	40	0.0259264
96	41	0.0259106
96	42	0.0261471
96	43	0.0278408
96	44	0.0283855
96	45	0.0283855
96	46	0.0250911
96	47	0.0251069
96	48	0.0264006
96	49	0.0264479
96	50	0.0264321
96	51	0.0264163
96	52	0.0269478
96	53	0.0275743
96	54	0.0275208
96	55	0.0275051
96	56	0.0281923
96	57	0.0282696
96	58	0.029168
96	59	0.0292541
96	60	0.0258556
96	61	0.0256826
96	62	0.0256983
96	63	0.0268632
96	64	0.0253741
96	65	0.0253584
96	66	0.0253899
96	67	0.0255618
96	68	0.0260794
96	69	0.0260637
96	70	0.026316
96	71	0.0264636
96	72	0.0275577
96	73	0.0279996
96	74	0.0280154
96	75	0.0293295
96	76	0.025073
96	77	0.0250092
96	78	0.0247715
96	79	0.0247557
96	80	0.0251234
96	81	0.0251888
96	82	0.024873
96	83	0.0248888
96	84	0.0250257
96	85	0.0250415
96	86	0.0251392
96	87	0.0249934
96	88	0.0249776
96	89	0.0252768
96	90	0.0254618
96	91	0.0255958
96	92	0.0256457
96	93	0.025408
96	94	0.0253411
96	95	0.0253253
97	0	0.0262787
97	1	0.0251715
97	2	0.0251557
97	3	0.0252399
97	4	0.0254807
97	5	0.0264867
97	6	0.0256133
97	7	0.0256291
97	8	0.0260137
97	9	0.0248504
97	10	0.0248346
97	11	0.0248188
97	12	0.0247396
97	13	0.0247081
97	14	0.0246923
97	15	0.0247238
97	16	0.0248023
97	17	0.0246429
97	18	0.0246429
97	19	0.0249603
97	20	0.0250573
97	21	0.0255776
97	22	0.0252203
97	23	0.0252045
97	24	0.0252572
97	25	0.0254461
97	26	0.0262129
97	27	0.0262287
97	28	0.0262971
97	29	0.0249344
97	30	0.0249344
97	31	0.0257322
97	32	0.0257164
97	33	0.0272747
97	34	0.0273605
97	35	0.0258206
97	36	0.0258049
97	37	0.02599
97	38	0.02599
97	39	0.0265442
97	40	0.026879
97	41	0.0287918
97	42	0.0287761
97	43	0.0277743
97	44	0.0269722
97	45	0.0269722
97	46	0.0281392
97	47	0.028155
97	48	0.0282473
97	49	0.0288334
97	50	0.0288176
97	51	0.0278189
97	52	0.0263475
97	53	0.0263317
97	54	0.027542
97	55	0.025546
97	56	0.0255303
97	57	0.0261648
97	58	0.025887
97	59	0.025887
97	60	0.0292033
97	61	0.0289857
97	62	0.0289699
97	63	0.028095
97	64	0.0281108
97	65	0.0290045
97	66	0.029271
97	67	0.029227
97	68	0.029227
97	69	0.0286488
97	70	0.0286646
97	71	0.0298137
97	72	0.0268271
97	73	0.0268113
97	74	0.0268428
97	75	0.0266798
97	76	0.026664
97	77	0.026909
97	78	0.0279508
97	79	0.0279665
97	80	0.0267034
97	81	0.0267034
97	82	0.0278727
97	83	0.0284092
97	84	0.0289307
97	85	0.0283034
97	86	0.0283192
97	87	0.0287226
97	88	0.0287069
97	89	0.0294152
97	90	0.0290791
97	91	0.0290949
97	92	0.0294752
97	93	0.0290435
97	94	0.0290435
97	95	0.0302605
97	96	0.0275979
98	0	0.0275979
98	1	0.0297475
98	2	0.0297317
98	3	0.0352004
98	4	0.0379039
98	5	0.0410311
98	6	0.0410311
98	7	0.0533559
98	8	0.0533559
98	9	0.0533559
98	10	0.0533559
98	11	0.0533559
98	12	0.0533559
98	13	0.0456671
98	14	0.0456671
98	15	0.0470579
98	16	0.0458863
98	17	0.0458863
98	18	0.0784747
98	19	0.0784747
98	20	0.0784747
98	21	0.0784747
98	22	0.0784747
98	23	0.0784747
98	24	0.0764751
98	25	0.0737781
98	26	0.0735819
98	27	0.0730999
98	28	0.0730999
98	29	0.0735008
98	30	0.0733012
98	31	0.0732854
98	32	0.0735339
98	33	0.0735496
98	34	0.0731822
98	35	0.0731822
98	36	0.073247
98	37	0.0733483
98	38	0.0733483
98	39	0.0734427
98	40	0.073427
98	41	0.0743145
98	42	0.0741907
98	43	0.0742065
98	44	0.0753223
98	45	0.0753223
98	46	0.0749389
98	47	0.0749389
98	48	0.0762824
98	49	0.0740944
98	50	0.0740944
98	51	0.0742461
98	52	0.0742303
98	53	0.0744549
98	54	0.074513
98	55	0.0746853
98	56	0.0740315
98	57	0.0740473
98	58	0.0743713
98	59	0.0743713
98	60	0.0751441
98	61	0.0767066
98	62	0.0758003
98	63	0.0758003
98	64	0.0784195
98	65	0.077136
98	66	0.0759526
98	67	0.0759526
98	68	0.0760286
98	69	0.0748704
98	70	0.0748704
98	71	0.077136
98	72	0.0772931
98	73	0.0772773
98	74	0.0763884
98	75	0.0763884
98	76	0.0764335
98	77	0.0781907
98	78	0.0787041
98	79	0.0762322
98	80	0.0762322
98	81	0.1731268
98	82	0.1526273
98	83	0.1526273
98	84	0.1526273
98	85	0.1526273
98	86	0.1526273
98	87	0.1526273
98	88	0.1526273
98	89	0.1526273
98	90	0.1526273
98	91	0.1526273
98	92	0.1526273
98	93	0.1526273
98	94	0.137791
98	95	0.1288728
98	96	0.127318
98	97	0.1273337
99	0	0.1280456
99	1	0.1270268
99	2	0.1270426
99	3	0.1270599
99	4	0.1270757
99	5	0.1276943
99	6	0.1276943
99	7	0.1285098
99	8	0.1286594
99	9	0.1299734
99	10	0.1326166
99	11	0.1326324
99	12	0.1323899
99	13	0.1323899
99	14	0.1352302
99	15	0.135674
99	16	0.1372792
99	17	0.1383975
99	18	0.1323522
99	19	0.1323522
99	20	0.1352659
99	21	0.1369684
99	22	0.1295902
99	23	0.1295902
99	24	0.1395134
99	25	0.1395134
99	26	0.1291518
99	27	0.1291518
99	28	0.1358209
99	29	0.1449691
99	30	0.148431
99	31	0.1488395
99	32	0.1536251
99	33	0.1536251
99	34	0.1536251
99	35	0.1536251
99	36	0.1536251
99	37	0.1410891
99	38	0.1330012
99	39	0.1304688
99	40	0.1304845
99	41	0.133085
99	42	0.1331269
99	43	0.1305203
99	44	0.1290632
99	45	0.1290474
99	46	0.1363489
99	47	0.1363331
99	48	0.139272
99	49	0.1385183
99	50	0.138534
99	51	0.1515622
99	52	0.1515907
99	53	0.1373355
99	54	0.1373355
99	55	0.1430707
99	56	0.1430707
99	57	0.1531794
99	58	0.1531794
99	59	0.1367873
99	60	0.1368031
99	61	0.1367519
99	62	0.1367677
99	63	0.1507162
99	64	0.1507319
99	65	0.1289476
99	66	0.1289476
99	67	0.1281429
99	68	0.1281586
99	69	0.1282771
99	70	0.1293424
99	71	0.1358732
99	72	0.1331912
99	73	0.1331754
99	74	0.1282002
99	75	0.1282159
99	76	0.1531794
99	77	0.1512353
99	78	0.1512511
99	79	0.1353206
99	80	0.1334494
99	81	0.1334494
99	82	0.1353363
99	83	0.1397747
99	84	0.1585024
99	85	0.1289918
99	86	0.1289918
99	87	0.129017
99	88	0.1299923
99	89	0.1320921
99	90	0.1320763
99	91	0.1336894
99	92	0.1336894
99	93	0.1328654
99	94	0.1316319
99	95	0.1316319
99	96	0.1338461
99	97	0.134488
99	98	0.1354044
100	0	0.1364843
100	1	0.1309751
100	2	0.1309751
100	3	0.1451877
100	4	0.1451877
100	5	0.1585024
100	6	0.1488012
100	7	0.1291014
100	8	0.1291014
100	9	0.1291278
100	10	0.1300504
100	11	0.1339038
100	12	0.1364527
100	13	0.1429459
100	14	0.1344435
100	15	0.1344435
100	16	0.1369942
100	17	0.1488012
100	18	0.1570701
100	19	0.1570701
100	20	0.1570701
100	21	0.1451141
100	22	0.1380637
100	23	0.1380479
100	24	0.1469912
100	25	0.1343053
100	26	0.1342895
100	27	0.164622
100	28	0.164622
100	29	0.164622
100	30	0.164622
100	31	0.164622
100	32	0.164622
100	33	0.164622
100	34	0.164622
100	35	0.164622
100	36	0.164622
100	37	0.155991
100	38	0.1412355
100	39	0.1412355
100	40	0.1487291
100	41	0.1431424
100	42	0.1431266
100	43	0.1344049
100	44	0.1301732
100	45	0.1301732
100	46	0.1314106
100	47	0.1351617
100	48	0.1422656
100	49	0.1572478
100	50	0.1478371
100	51	0.1478371
100	52	0.1505239
100	53	0.1408501
100	54	0.1408501
100	55	0.1552718
100	56	0.1626056
100	57	0.163236
100	58	0.1287893
100	59	0.1287736
100	60	0.1341903
100	61	0.1349725
100	62	0.1307689
100	63	0.1307689
100	64	0.1278604
100	65	0.1278604
100	66	0.1626249
100	67	0.1761407
100	68	0.1356322
100	69	0.1356322
100	70	0.1360824
100	71	0.1375207
100	72	0.1480834
100	73	0.1723384
100	74	0.1338146
100	75	0.1325601
100	76	0.1319023
100	77	0.1319023
100	78	0.1333706
100	79	0.1333706
100	80	0.1333985
100	81	0.1337919
100	82	0.1375438
100	83	0.134602
100	84	0.134602
100	85	0.1385506
100	86	0.1441523
100	87	0.139468
100	88	0.139468
100	89	0.1415814
100	90	0.1368731
100	91	0.1349081
100	92	0.1349081
100	93	0.1363058
100	94	0.1395974
100	95	0.1363726
100	96	0.1363726
100	97	0.1403708
100	98	0.12778
100	99	0.12778
101	0	0.150232
101	1	0.1499551
101	2	0.1499393
101	3	0.1499886
101	4	0.1444296
101	5	0.1407825
101	6	0.1407825
101	7	0.1558818
101	8	0.1391361
101	9	0.1391361
101	10	0.1634465
101	11	0.1634465
101	12	0.1634465
101	13	0.1634465
101	14	0.1329039
101	15	0.1329197
101	16	0.1348519
101	17	0.1348519
101	18	0.1327308
101	19	0.1303346
101	20	0.1303188
101	21	0.1305418
101	22	0.130866
101	23	0.1313364
101	24	0.1332579
101	25	0.1332579
101	26	0.1361966
101	27	0.1340843
101	28	0.1340843
101	29	0.1354552
101	30	0.1354394
101	31	0.1367096
101	32	0.152181
101	33	0.1274474
101	34	0.1274474
101	35	0.129905
101	36	0.136282
101	37	0.1413676
101	38	0.1418579
101	39	0.1420956
101	40	0.1370398
101	41	0.1370398
101	42	0.1351377
101	43	0.1351377
101	44	0.1352075
101	45	0.1358017
101	46	0.1357159
101	47	0.1298885
101	48	0.1275906
101	49	0.127567
101	50	0.127567
101	51	0.1286886
101	52	0.1283196
101	53	0.1283196
101	54	0.1297723
101	55	0.1297881
101	56	0.1311983
101	57	0.1460013
101	58	0.1491927
101	59	0.1491927
101	60	0.1491927
101	61	0.1491927
101	62	0.1491927
101	63	0.1491927
101	64	0.1491927
101	65	0.1491927
101	66	0.1311745
101	67	0.1287292
101	68	0.1287292
101	69	0.1301123
101	70	0.1284138
101	71	0.1284138
101	72	0.1284378
101	73	0.1321178
101	74	0.1335886
101	75	0.1335886
101	76	0.1371869
101	77	0.1335063
101	78	0.1335063
101	79	0.1335386
101	80	0.1335386
101	81	0.1279854
101	82	0.1279854
101	83	0.1315887
101	84	0.1316044
101	85	0.1365741
101	86	0.1365741
101	87	0.1416693
101	88	0.1416693
101	89	0.1319486
101	90	0.1319328
101	91	0.1322842
101	92	0.1322842
101	93	0.1461628
101	94	0.1461628
101	95	0.1461628
101	96	0.1461628
101	97	0.1461628
101	98	0.1461628
101	99	0.1461628
101	100	0.1461628
102	0	0.1461628
102	1	0.1354748
102	2	0.135091
102	3	0.1350473
102	4	0.1350473
102	5	0.1359063
102	6	0.1381818
102	7	0.1424494
102	8	0.148572
102	9	0.148572
102	10	0.163119
102	11	0.1566511
102	12	0.1364064
102	13	0.1364064
102	14	0.1343868
102	15	0.1307153
102	16	0.1302375
102	17	0.1302375
102	18	0.1304369
102	19	0.1318513
102	20	0.1358449
102	21	0.1358449
102	22	0.1317477
102	23	0.1317477
102	24	0.1324276
102	25	0.1324276
102	26	0.136655
102	27	0.1371265
102	28	0.1371423
102	29	0.1479842
102	30	0.1542504
102	31	0.1424173
102	32	0.1424173
102	33	0.1459175
102	34	0.1501522
102	35	0.1501522
102	36	0.1502047
102	37	0.1276618
102	38	0.127646
102	39	0.1566511
102	40	0.1650463
102	41	0.1650463
102	42	0.133052
102	43	0.1330362
102	44	0.1359799
102	45	0.1359799
102	46	0.1520429
102	47	0.1613677
102	48	0.1490548
102	49	0.1490706
102	50	0.1386863
102	51	0.136901
102	52	0.136901
102	53	0.1458809
102	54	0.183701
102	55	0.2078626
102	56	0.1776923
102	57	0.1776923
102	58	0.2302155
102	59	0.2302155
102	60	0.2302155
102	61	0.1821845
102	62	0.1821845
102	63	0.1815905
102	64	0.1815747
102	65	0.1748704
102	66	0.1748862
102	67	0.1848028
102	68	0.1819347
102	69	0.1733725
102	70	0.1727222
102	71	0.1727065
102	72	0.173456
102	73	0.1734718
102	74	0.175
102	75	0.174811
102	76	0.174811
102	77	0.177364
102	78	0.1753314
102	79	0.1753314
102	80	0.1780413
102	81	0.1727897
102	82	0.1727897
102	83	0.178874
102	84	0.178874
102	85	0.1803614
102	86	0.1812465
102	87	0.1812465
102	88	0.1787006
102	89	0.1787006
102	90	0.1986063
102	91	0.1765695
102	92	0.1746847
102	93	0.1742359
102	94	0.1739577
102	95	0.1739577
102	96	0.1796793
102	97	0.1796793
102	98	0.2344855
102	99	0.1749752
102	100	0.1749752
102	101	0.3148482
103	0	0.273795
103	1	0.2003375
103	2	0.2003375
103	3	0.1806556
103	4	0.1766095
103	5	0.1766253
103	6	0.1882799
103	7	0.1882799
103	8	0.1900838
103	9	0.1778249
103	10	0.1778249
103	11	0.2150533
103	12	0.1763712
103	13	0.1763712
103	14	0.2511175
103	15	0.1794251
103	16	0.1794251
103	17	0.1834691
103	18	0.1880982
103	19	0.1746587
103	20	0.1746587
103	21	0.17528
103	22	0.1810246
103	23	0.1810246
103	24	0.1891643
103	25	0.18918
103	26	0.1827623
103	27	0.1759759
103	28	0.1759759
103	29	0.1814278
103	30	0.182395
103	31	0.1868657
103	32	0.1756098
103	33	0.1756098
103	34	0.1781793
103	35	0.1813659
103	36	0.1809732
103	37	0.1777174
103	38	0.1770271
103	39	0.1742055
103	40	0.1741898
103	41	0.1855731
103	42	0.1868837
103	43	0.1991916
103	44	0.2811846
103	45	0.2122585
103	46	0.2122585
103	47	0.2244123
103	48	0.1759178
103	49	0.1759178
103	50	0.2540568
103	51	0.2034027
103	52	0.2033869
103	53	0.2334063
103	54	0.2487712
103	55	0.230507
103	56	0.2233207
103	57	0.2233207
103	58	0.2581086
103	59	0.4191143
103	60	0.4191143
103	61	0.5458044
103	62	0.3452339
103	63	0.3452339
103	64	0.3452339
103	65	0.3452339
103	66	0.3452339
103	67	0.3452339
103	68	0.2666123
103	69	0.2657914
103	70	0.2657914
103	71	0.2767027
103	72	0.2617038
103	73	0.2617038
103	74	0.2625208
103	75	0.2675484
103	76	0.2614729
103	77	0.2614571
103	78	0.2715898
103	79	0.2683314
103	80	0.2620063
103	81	0.262022
103	82	0.2612054
103	83	0.2612054
103	84	0.2645937
103	85	0.2645779
103	86	0.2646279
103	87	0.2688971
103	88	0.2731214
103	89	0.2731214
103	90	0.2762666
103	91	0.2762509
103	92	0.2810688
103	93	0.2708301
103	94	0.2708301
103	95	0.2712314
103	96	0.2777584
103	97	0.2777426
103	98	0.2817676
103	99	0.2799724
103	100	0.2635094
103	101	0.2635094
103	102	0.2842338
